,store_id,store_name,score,ward,lunch,dinner,review_cnt,review
0,00000001,日本橋蛎殻町 すぎた,4.81,東京都内,"￥20,000～￥29,999","￥20,000～￥29,999",221,Instagram Tokyo Rocks数ヶ月ぶりに杉田さんのお鮨をいただくことに。今宵は30品ほどいただきました。ただただ美味しく、唸るばかりでした。ますますパワーアップして行く杉田さんのツマミ＆鮨。欠点がないパーフェクトな鮨にどんどん近づいている。でも杉田さんご自身はまだまだ発展途上のお気持ちかも知れませんが。また数カ月後の訪問が楽しみです。ごちそうさまでした。
1,00000001,日本橋蛎殻町 すぎた,4.81,東京都内,"￥20,000～￥29,999","￥20,000～￥29,999",221,【日本橋蛎殻町 すぎた】さん…食べログで全国で１番人気のお店は本当にウマすぎた♪(#^.^#)東京でも有数の予約困難店です。ここ何年もいろんな友人にお願いしておりましたが…３年ぐらい？w 念願叶ってやっと訪問する事が出来ました(*^^)v大将の優しい雰囲気と丁寧な応対に感服致しました(^o^)丿充実のアテと握りの秀逸さが高度にマッチしております。丁寧に１貫ずつ握って提供してくれるスタイルは惚れ惚れ致します。お鮨を慈しむように握って…目の前に提供する…その刹那の瞬間にも慈愛に満ちた恍惚の表情が…もはや神様仏様すぎた様でございます(●＾o＾●)この…お・も・て・な・し・は…世界最高峰のジャパンクオリティーですね。１度行けたらドヴァっと一気にチャンス到来です。一カ月後にもまたお声掛け頂き…またこの最高の楽しいひと時を過ごす事が出来ました。予約枠を持った素敵な友人に深く感謝申し上げます(^^ゞまたぜひ宜しくお願い致します(≧▽≦)/～♡
2,00000001,日本橋蛎殻町 すぎた,4.81,東京都内,"￥20,000～￥29,999","￥20,000～￥29,999",221,大好きな女性にお誘い頂いて「すぎた」さんへ。先日出版された、「すし神髄」を拝見したばかりで、目の前の杉田さんに、あっ動いてる、なんて改めてドキドキしてしまいます。そして「すぎた」さんに伺う度に、それはそれは感動するのですが・・・・訪問と訪問の間に、色々なお店に伺って、こちらもあちらも素敵、なんて思っているうちに、「どんなふうに感動した・・?」　味覚をはっきり覚えていられない、壊滅的な知能のワタクシ　(T▽T)今回も、軽妙な杉田さんの雰囲気づくりに巻きこまれながら、今回も感動するかしら?　そして、尊大不遜に一切れ目の「鮑」を口にしたとたん・・・・口の中が、ビッグバンを起こして、く～～っ!　涙目で唸ってしまうのです。絶妙に心地よい硬さ、舌に媚びる滑らかさ、薫り、どこまでもきれいな旨み、似て見えて、何かスケールが違う。説明できる語彙を持たない私は、もどかしい。でも、本当に凄いのです。特に、「しめ鯖の海苔巻き」の神業のような黄金比率や、「車海老」。レアの口当たりなのに、茹で海老の甘さ旨みのある奇跡。一度召し上がっていただきたい、と願わずにはいられません。そして最後にいただく、「浅利のお味噌汁」の大ファンです。女将さんが毎日作られるのですね。浅利が採れる漁師町に育ったので、「浅利」は少しうんざりするようなソウルフード。当時は「浅利のふかし」と言ったけれど、良い浅利を選りすぐって、あさりの塩気と出汁だけで、ほんの香り付けの味噌を溶いて頂くのは、本当に美味しかったと思うのです。それと比べるのはまた、ひどく失礼なお話ですが、その絶妙な塩梅を頂くたびに、美化された記憶と共に感動してしまいます　m(__)mいただいたお料理です。銀杏黒煮鮑・ 平目鰹漬け北寄の漬け焼しめ鯖、大葉、浅葱、ガリの海苔巻き・・・他の追随を許さないバランスです。あん肝 貴釀酒と合わせて数の子味噌漬け 鮑肝味噌漬け赤ムツの塩焼き小肌鯛シマアジマアジ鰆春子鯛中トロ秋刀魚車海老雲丹穴子浅利の味噌汁玉子今回は、杉田さんをリスペクトしてやまない、お鮨屋さんの親方もご一緒。杉田さんのお寿司を召し上がっていただけ、本当に嬉しかったです。涙が出るくらい感動したと仰っていました。大変大変美味しゅうございました。ごちそうさまでした。
3,00000001,日本橋蛎殻町 すぎた,4.81,東京都内,"￥20,000～￥29,999","￥20,000～￥29,999",221,日本橋蛎殻町すぎた10月3日の夜は「すぎた」さん大の仲良しの食べ友さまと相席でどういうわけか8月、9月と予約がとれず前回訪問の7月26日以来、およそ2ヶ月も空いてしまうことに相席の食べ友さま、はなんと「すぎた」初訪問地元、関西から新幹線で「すぎた」さんに行くためだけに東京へもちろん日帰りという次第いやあ、あっぱれ焼酎の炭酸割り　すだち搾りで乾杯おつまみ◎銀杏◎蒸しあわび千葉大原のめがいあわび山葵も醤油も不要あわびにしみ込んでいる旨味のみで日本酒　冷や◎ぶり　ひらめ◎かつお気仙沼◎このわたの茶碗蒸し◎あわびの肝◎すじこ　味噌漬け◎太刀魚　塩焼き2ヶ月も間が空いてしまったことさらにお隣に食を愛する、という価値観を共有できる方ということでわたくしのテンションはマックスに日本酒が止まりません大将のほかにご注文はないですか、の声に「出てないの、全部、持ってきてください！」初のおつまみコンプリートを狙います（笑）◎たこのやわらか煮◎あん肝◎かずのこ　味噌漬け◎赤雲丹　山葵乗せ◎たいら貝　西京焼き◎たいら貝　磯辺焼きここから握りに◎こはだ◎まだいもう最高　何も言えない　言葉はいらない◎さごち（さわらのこども）わらで燻して、「さわら」の旨味を最大限に引き出す形◎かすごだい◎まぐろ　漬け◎まぐろ　ちゅうとろ◎いわしおおとろのように脂が乗ってみごとすぎる「いわし」です◎車海老お写真、ぜひぜひこのあたりから手ぶれがひどく写真が荒れて・・・もちろん原因は呑みすぎ！◎きんめだい◎雲丹　軍艦◎あなご　塩◎あなご　たれ◎味噌汁◎たまご車海老あたりから完全に記憶が飛んで自宅までどう帰ったのかまったく覚えておりません大満足ごちそうさまでした。
4,00000001,日本橋蛎殻町 すぎた,4.81,東京都内,"￥20,000～￥29,999","￥20,000～￥29,999",221,Instagram (bottan222)ーーーーーーーーーーーーー2019/10   暖簾がかかると同時にお店に入ります、いつもの様に杉田さんの明るい笑顔が迎えてくれます、今日も杉田さんの真ん前の席に案内されます、嬉しいですね。喉は潤っておりますので最初から 「楽器正宗　本醸造　中取り　無濾過原酒 」 で乾杯です。本醸造ですがコクがあり美味しいですね。今日、頂きましたのは次の通りです。「銀杏」「千葉県大原の蒸しメガイアワビ」、これ滅茶苦茶に美味しかったです、うんうんと頷いて食べてしまいました。「而今　純米吟醸　東条山田錦」・・・・・今日もありますね、これ、私達夫婦大好きなんです。「噴火湾の鰤のづけ　辛子で」・・・・・いやぁ〜、これも美味しいですね。「利尻の平目」・・・・・これも美味しい、参りましたね。「〆鯖の巻物」・・・・・〆鯖は芽葱、ガリ、大葉と一緒に巻いてあります。「海鼠腸の茶椀蒸し」・・・・・大好きな海鼠腸、美味いに決まってます、山芋も入っておりました「而今　純米吟醸　東条山田錦」・・・・・折角なんで、引き続きこれを。「数の子の味噌漬」「天草の赤雲丹」・・・・・なんじゃこりゃ、と云う美味しさでした。「太刀魚の塩焼き」・・・・・いつ食べても美味しいですね。さぁ～、これから ～～～～～　にぎり　～～～～～ です。「コハダ」・・・・・安定した美味しさ、いつもながら〆具合が良いですね。「伊佐木(イサキ)」「本アラ」イサキもアラも旨みのある美味しいものでした。「芋焼酎　蔵の師魂　かめ壺貯蔵のロック」「鯵」「藁で炙ったサシゴ」・・・・・サシゴは鰆の子供の時の呼び名です（出世魚）「カスゴ（チダイ）」「中トロ」「鰯」「芋焼酎　蔵の師魂　かめ壺貯蔵のロック」「車海老」・・・・・”日本橋蛎殻町 すぎた“ さんの車海老は中は半生だから美味しい「北海道浜中の蝦夷馬糞雲丹」・・・・・ツマミで出された赤雲丹も美味しかったですが、この蝦夷馬糞雲丹も美味しいですね、これなら幾つでも食べられます(笑)「穴子　塩で」・・・・・この穴子もふわふわで美味しいです。「玉子焼」「アサリ汁」   今日も最高でした、ホント、杉田さんの握るお鮨は旨いです、ふわっとして、口に含むとパラパラっとほどけるのです、杉田さんの処に来るといつも幸せな気分になります、また直ぐにでも伺いたいです。
5,00000001,日本橋蛎殻町 すぎた,4.81,東京都内,"￥20,000～￥29,999","￥20,000～￥29,999",221,Instagram    pateknautilus40https://www.instagram.com/pateknautilus40/この日は某シェフと3人での食べ会です。いつもの様に杉田大将の挨拶から始まります。私は、凛とした雰囲気の中にも温かさと笑いが有るこの空間がなんとも言えなく好きです。きっと行かれた皆さんはそう思われてるのではないでしょうか。いつもの事ですが、ツマミも美味しいけど握りもとても美味しいです。これを書いてても直ぐに食べたくなってしまうほどです。そしてそして、杉田大将がプレジデント社のdancyuより『すし神髄』という本を出版されました。当然のごとくそちらにサインをして頂きました。とてもいい記念になりました。全て美味しく頂きました。ご馳走様でした。なお、この日頂いたものは下記の通りです。『銀杏』『鰤と鮃』『襟裳の鰹』『名物鯖の海苔巻き』『天草のアカウニ』『筋子の味噌漬け』『鮑の肝の味噌漬け』『太刀魚』『海鼠腸の茶碗蒸し』『数の子の味噌漬け』『帆立の磯辺巻』以下は握りで『こはだ』『いさき』『能登の本アラ』『鰺』『さごし』『春子』『中とろ』『鰯』『車海老』『浜中のバフンウニ』『北寄貝』『穴子』『お椀』『たまご』
6,00000001,日本橋蛎殻町 すぎた,4.81,東京都内,"￥20,000～￥29,999","￥20,000～￥29,999",221,わたろぐ　https://wata-log.net/kakigaracho-sugita/Instagram　https://www.instagram.com/p/B3Gp_SjgahJ/すごい勢いで全国に増え続けている予約困難店。その困難さに見合ったお店かどうかは約束されたものではありませんが、食べログ全国1位に恥じないのが日本橋蛎殻町すぎたさん。その名を知った頃はまだ新規予約もとれていたようでしたが、今や一見さんお断りの超予約困難店となってしまいました。その評判もうなぎのぼりで気づけば寿司のみならず全ジャンルで全国一と称される名店に。今回貴重なお席にお招きいただき、念願のすぎたさんにたどり着くことができました。 半蔵門線の水天宮前駅から歩いて数分の場所にすぎたさんはあります。Google mapを見ながらでなければとても気づかないような外観で、開店するまでは看板すら出ていません。予約時間になると入り口があけられ、暖簾がかかります。お店に入ると内玄関があり、さらに中の店舗奥にカウンター席が見えました。今回のお席は個室カウンターのお席。落ち着いた空間に案内されました。否応なく高まる期待をビールで落ち着かせつつ、料理を待ちます。すると大将自らが笑顔でご挨拶に。優しい笑顔と気遣いに一同の緊張も和みました。やはり一流店は大将の人柄、気遣いも最高なのですね。まずは銀杏。お通しではありますが、煎り具合、むき具合までふくめて完璧です。そして、お刺身はまず食感抜群のつぶ貝と、えんがわ付きのヒラメ。お弟子さんの鮨はしもとさんでも似た構成の刺し身から始まりますが、やはり本家はすごいクオリティです。じっくりと味わってしまいました。続いては、鰹。血合いの臭みが一切ない、史上最高ともいえる仕事でした。平貝の西京焼き。炙って海苔に巻いてのスタイルがすっかり定着した平貝ですが、一流店の西京焼きでいただくとまた違ったニュアンスに。このわた（海鼠腸）の茶碗蒸し。ナマコの内臓の塩辛が底の方に仕込まれていますが全体としてかなり優しい味付けです。日本酒やワインが進みますね。ここで3点盛り。筋子、アワビの肝、そして天草のウニ。最近目にすることが増えた筋子ですが、史上最高の美味しさだったように思います。贅沢な量のアワビの肝も上品な味付け、いいアテになります。立派な身のウニはやさしいわずかな酸味とクリーミーさ、甘さがクセになりますね。焼き物はタチウオの塩焼き。しっとりした身がほろっと口の中でほどけて絶品です。この火入れ具合は鮨はしもとさんによく継がれている印象。コースのおつまみは以上ということで、出ていないものをすべて追加させていただきました。まずはタコの柔らか煮。その身の柔らかさ、上品な味付けは、すし匠以来の衝撃でした。柔らかさでいったらこちらの方が上かもしれません。ホッキ貝の生姜醤油焼き。切りつけられた身が元気に立ち上がっている姿は見るからに美味しそう。七味を少しつけつついただきます。数の子の味噌漬け。薄皮がとられ、キレイな粒たちがみえる数の子。見た目も味も間違いなく生涯一の逸品。追加してみてよかったと思わされます。テンションも上がったところで後半の握りへ。そしてお待ちかねのにぎりに進んでいきます。まずは挨拶代わりのコハダ。酢のきつさを感じさせない品のある締め具合、すばらしいです。続いては、真鯛。ビジュアルもふくめてハイクオリティ。あら。もともと味のいいことで知られる高級魚ですが、そのポテンシャルを引き出しての一貫。そして、本格江戸前の仕事をしっかり感じられるづけ。春子鯛の昆布締め。ネタが大きい一貫ですが、その味付けとシャリのほどけ感で重さは一切ありません。中トロ。文句のつけようがありません。酸味はあまり感じさせないタイプ。いわし。ミルフィーユのように重ねられたネタは旨味たっぷり。青魚特有の臭みはまったくありません。エビ。見た目から抱いてしまう期待のさらに上をいく味です。エビ好きの同行者も悶絶していました。ブリは炙ってから漬けるという工夫が。初体験です。ウニはおつまみとは産地を変え、北海道のバフンウニ。個室まで運ばれていながら海苔の香り、食感も消えないタイミングでいただけました。追加でアジ。やはり名店のアジは軽やかで美味しいものです。最後は穴子。塩かタレを選べますが、後者を選択。できればハーフアンドハーフで両方味わいたいものです。いいタイミングでお椀。これがこの日一番に近い衝撃でした。一流日本料理店で出てきそうな、いやその中に入っても頂点に輝けそうな至高の一杯。ため息がでます。立派なサイズの卵焼きで一通りとなります。ネタもシャリも大きめということでしたが、上品な味付けと神業のにぎり技術のおかげで最後まで食べつかれさせないコースでした。終始感動の連続で、日本一の噂にたがわぬ最高のお店でした。次回予約はとらせてはもらえませんでしたが、店員さんとお話させていただき少し光は見えた気がします。また再訪できるよう精進していきたいものです。
7,00000001,日本橋蛎殻町 すぎた,4.81,東京都内,"￥20,000～￥29,999","￥20,000～￥29,999",221,【再訪】 ２０１９．９朝晩は随分と秋めいてきた休日。食べログ全国総合ランキング1位を邁進中のすぎたさんへ。今宵もグルメ仲良し夫妻をお誘いして家内と4人で17:30スタート。銀杏（愛知祖父江町）黒煮鮑（千葉大原）つぶ貝（北海道様似町） 平目（利尻）鰹漬けしめ鯖、大葉、浅葱、ガリの海苔巻き筋子味噌漬け 鮑肝味噌漬け太刀魚の塩焼きあん肝 貴釀酒と合わせて（追加）小肌鯛（淡路）シマアジマアジ鰆春子鯛イワシ中トロ（塩釜）車海老雲丹金目鯛（追加）穴子薄っすいアサリの味噌汁玉諸事情で生ビールは瓶ビールに代わりました。一白水成（秋田）、風の森（奈良）、芋水割り。鮑の肝味噌漬けは初めて。見た目濃そうなんですが優しい甘みと旨み。日本酒が合います。そして大好きな杉田さんのあん肝。堪りません。煮汁も飲み干します。握りも美しい日本一の小肌から始まり悶絶。ただおしゃべりが過ぎたか時間が押し後半は玉まで怒涛の「そっと置く」へ。握る姿も美しい特等席での大将のおしゃべり。海洋の生物多様性が乱獲、生息地の破壊などによって、急速に失われていることを寿司職人の立場から声を大にする想いにすごく感銘した。今の杉田さんなら一人でも多くの方に届く影響力のある方だろう。「昨日より今日良くなれ」と愚直の仕事に付き合って、来る度に今以上に余韻が残る握りをこの先もずっと味わっていきたい。途中ふと現れた久々な女将も元気そうで何より。幸福感たっぷりにさせてくれる我家の通い続けたいお寿司屋さんです。
8,00000001,日本橋蛎殻町 すぎた,4.81,東京都内,"￥20,000～￥29,999","￥20,000～￥29,999",221,【オーダー】おまかせコース（詳細下記）【所感】平日20:30〜訪問。念願の初訪問は感動の連続だった。つまみは、基本的にはシンプルだが、気の利いた一品ばかりで、拘りの素材と丁寧な味付けが楽しめる。この日一番印象に残ったつまみは、鮟肝と、筋子味噌漬け。共に濃厚な味のつまみには、甘みのある日本酒 新政をマリアージュで頂く。この相性が抜群で、どんどんお酒も進んでいく。握りは、杉田さんが最も自信のある握りの一つという、こはだからスタート。鮨というシンプルな料理が、職人の技でここまで輝き、お客を感動させることにただだだ脱帽する。その後追加も含めて13貫、感動の連続。全ての料理に、恐らく素人の私には想像もできないような丁寧な仕事がなされているのだろう。中々予約は取れませんが、またいつの日か、杉田さんの一流の職人技を楽しめる日が来ることを祈ります。・つまみ枝豆平目、蒸し雌貝鮑つぶ貝漬け鰹穴子の茶碗蒸し鮟肝、筋子味噌漬け、新政太刀魚数の子味噌漬け蛸の柔らか煮平貝の西京焼き・握りこはだいさき鯵さごちかすご鯛 昆布〆中とろ鰯車海老クロムツバフンウニ漬け鮪新烏賊穴子お椀玉子・お酒アウグスビール伯楽星みむろ杉
9,00000001,日本橋蛎殻町 すぎた,4.81,東京都内,"￥20,000～￥29,999","￥20,000～￥29,999",221,今年1月に常連の友達に連れて行ってもらい超絶感動した日本橋蛎殻町すぎたさん。特に握りのシャリの味わいが舌に記憶されて忘れられず、また食べたいなぁ〜って想いが募り、自力でなんとか予約させてもらいました…もはや執念笑8ヶ月ぶりの訪問です。この日は2回転目の20時半スタートでした。時間が近くなるにつれてお客さんが集まるのですが、4人組の集団の人達がなんか見たことある顔だなぁ…って思ったらミシュランの星に輝くような料理人の方々でした。20分近く遅れて、杉田さんもテンション下がる男だらけの回がスタートでした笑以下、出てきたもの順に。おツマミ1.枝豆2.蒸し雌貝鮑いきなり、鮑ってこんなに美味しかったんですか？ってなりました。生活掛かっているんで薄くしてるんです！って言って笑わせてくれますが、きっと薄いのが良いんだろうなぁって。3.様似産つぶ貝もう凄い食感、コリっコリっ！4.鰤の漬け辛子がほんの少し香って、脂の旨味から鰤の香りが怒涛のように押し寄せてきます。5.スペシャリテの鰯巻き超絶美味しい〜！鰯の脂、海苔の香り、大葉・アサツキ・ガリの風味、あ〜最高に美味しいとしか言えない。6.海鼠腸入り茶碗蒸し塩梅がちょうど良いです。上品で贅沢な味わい。7.筋子の味噌漬け味噌漬けなんて初めて。めっちゃ美味しい〜。味噌の香りがふわっと鼻腔を抜けて、塩や醤油よりあたりが柔らかい感じがしました。8.天草産赤雲丹何もしていないので(手を加えていない)、これが一番美味しかったって言ってはダメですと笑9.アカムツ焼物脂も乗って最高に美味しい！そして、いよいよ握り。前回伺った時から忘れられなかったシャリの味をついにっ！握り1.コハダ最高っ！何という美味しさっ！？全てが調和しています。あ〜この味わいだっ！とシャリに感動。2.新烏賊3.真鯛4.イサキ5.サゴチ(鰆の子)6.春子鯛昆布締め7.中トロ8.鯵9.クロムツ10.車海老11.唐津赤雲丹12.穴子(ツメ)13.玉14.お吸物もう全部最高！あえて一つ一つのネタについてコメントしません。ネタによっては、敢えて酸が立っていたり、塩味強めだったり、藁で薫香入れたりと仕事がなされています。ネタとシャリ、全てが調和してお寿司なんだなぁって改めて思わせてくれます。やはり私的に最高峰のお店。また、なんとか予約取れると良いなぁ〜。飲み物・アウグスビール・キリンラガー・仙禽・みむろ杉・勝駒
10,00000001,日本橋蛎殻町 すぎた,4.81,東京都内,"￥20,000～￥29,999","￥20,000～￥29,999",221,2019.9.夏から秋へと季節のバトンタッチが行われているような風が流れる日にやってきたのは、「日本橋蛎殻町すぎた」。白木が輝く凛とした空間に親方の杉田 孝明さんの声が響くと、ふわりと和やかな空気感になるのはいつも不思議と思う瞬間です。今夜も親方の前に座らせていただき、自分にご褒美をあげようと思います。今夜の献立枝豆夏の名残のような枝豆。たまに食べるから美味しい。雌貝鮑♡静岡県伊豆産。切っている時ですら、香りがふわりと立ち上る雌貝鮑。それを口に入れれば、その香りは一気に花開きます。ツブ貝北海道様似産。心地よいシャクシャクとした食感は、醤油につければその香りを纏い、塩につければ甘味が際立ちます。帆立の磯辺焼き♡磯の香りがする海苔と帆立の甘味は、口の中で完成する料理です。海鼠腸の茶碗蒸し卵のコクを底上げするような海鼠腸の旨味、蓮根のサクサクとした食感も楽しい。赤鯥の焼物♡箸からも伝わる赤鯥のふわりとした身の柔らかさ。口の中でまるで液体になるようにとろけます。旨味を引き出している塩加減も絶妙。蛸の柔らか煮(追加)♡周りの方に便乗して追加。柔らかいですが、蛸の香りや蛸らしさもあって、実に美味しい。今回は頭の部位も盛られていて嬉しい。ガリ小鰭♡♡皮目も柔らかく、ジューシーな小鰭は杉田親方の名刺がわりの一貫。いつもながらに素晴らしい味わい。真鯛塩〆で3日目の真鯛。モチモチした食感を楽しんでいると、真鯛の甘味が溢れ出してきます。あまり真鯛を握りで供しているお店は少ないですが、美味しい種だと思います。新烏賊♡墨烏賊の赤ちゃんの新烏賊は、この時期だけの種。儚いような歯切れの良さがたまりません。鶏魚寝かせて8日目。トロリと舌の上でとろけるようにシャリと混ざり合い、その脂はさらりとして美味しい。さごち♡鰆の子供。藁で燻したものを切りつけてから漬けにして握っています。口に入れると、薫香が支配して、口の中の体温でゆっくりと溶けていきます。春子鯛昆布〆♡コレは凄い。ふわふわとした春子鯛はよくありますが、トロトロな春子鯛は初めて。それはシャリとの境界線がなくなるほどで、最後にふわりと昆布が香ります。赤身♡♡今夜は青森県三厩産。切りつけも厚いので、口に中に入れた時の存在感が素晴らしい。味わいも濃いですが、それ以上に食べ終えてもなお続くような香りがとても心地よく、今夜一番の驚愕的な味わい。中トロ赤身とトロが混ざり合ったような血合いぎし。香りは赤身ほどではないですが、舌にからみつくようなとろけ方は秀逸。大トロダイレクトに感じる鮪の濃厚な旨味はとても濃く、まるでジュースのような感じでとろけます。鯵♡島根県浜田産のブランド鯵の「どんちっちアジ」。確りとした脂はありつつも爽やかで、鯵らしい味わいがあります。車海老ブレなんて微塵もない。いつも通りの美味しさ。北寄貝食感よりも貝の甘味を前面に押し出した北寄貝。ザクザクとした食感も感じつつ、トロリとした食感が楽しめます。黒鯥♡舌の上で一瞬留まってからとろりと溶けて、噛むほどに溢れてる甘味がシャリと混ざり合います。いくら薄皮すらも感じず、出汁醤油の旨味の中でも確りといくらの味を楽しめます。煮蛤♡小粒の蛤ですが、食べた瞬間に旨味がグッときて、ふわりと柚子の香りが華やぎます。ずっと噛んでいたくなるほどの美味しさ。赤海胆♡佐賀県唐津産。水分が一滴もないほどに濃厚でクリーミー。そしてただ甘いだけでなく、その甘味の中に苦味もあって、複雑な味わいのオトナの海胆。馬糞海胆♡北海道浜中産。悶絶するような強烈な甘味は、シャリの塩気と相まってより際立ちます。赤身漬け♡身に沿うように薄く切りつけてから漬けにされて、折り畳んで握られる変わった仕立て。けれど薄く切りつけているので、出汁醤油の旨味が短時間でも確りと浸透しており、実に美味しい。穴子♡塩と煮つめを選べる中で、私はいつも煮つめ。煮つめは腹の部位、塩は尻尾の部位と使い分けています。ふわふわの布団のような食感の後、舌に絡みつくようなとろけ方はたまらない。椀物いつもの浅蜊の味噌汁。味噌よりも浅蜊の出汁を感じられて、こんな味の味噌汁を出されたら毎日が幸せです♡玉♡実はこの玉も握ることができます。地味な見た目ですが、コレが実に美味しい。玉の甘味がシャリの塩気で引き立っていて、最高の〆となります。約3時間ちょっと。幸せな時間はあっという間に過ぎていきます。非常に好みの味わいの肴はどれも美味しいのですが、握りに重きを置いたいつもの献立はやはり素晴らしい。ハズレなんて一貫もなく、口に入れた時に魚の存在感がどれも確りとしていて、まさに王道の握りだと思います。湯呑コレクションからも分かるように、とてもこまめにお茶の交換をして下さるホスピタリティもこのお店を支える重要な1つ。決して味わいだけでなく、お店の雰囲気やサービスも素晴らしいとしか言いようのない鮨店だと思います。杉田親方、スタッフの方々。感動の時間をありがとうございました。次回もまた宜しくお願いします。33990湯呑コレクション
11,00000001,日本橋蛎殻町 すぎた,4.81,東京都内,"￥20,000～￥29,999","￥20,000～￥29,999",221,８年通って初の昼のすぎたさん。某番組でフィーチャーされた鰯巻きは最高だけど、やっぱりわたし的酒肴のシグネチャーディッシュは海のフォアグラ鮟肝と新政の貴醸酒陽乃鳥のペアリング、通称あれとあれ。そして、旨味たっぷりの寝かした伊佐木、藁で燻した鰆、柔らかな春子、芳醇な鯵、雲丹の握りなど、未来に遺すべき作品の数々。赤身の漬けと穴子は東京ミラクル。すぎたさんの小鰭は人生で最高の一品。今日も美味すぎた、幸せすぎた。俺たちのナンバーワン。酒肴01 枝豆02 蒸し鮑 雌貝 静岡伊豆03 つぶ貝 北海道様似04 鰯海苔巻き 大葉と浅葱とがりと05 北寄貝 生姜醤油焼き06 海鼠腸の茶碗蒸し07 生赤雲丹 熊本天草08 筋子の味噌漬け09 鮑の肝の味噌漬け10 赤鯥の焼物 長崎対馬 11 あれとあれ（鮟肝と陽乃鳥） 握り01 小鰭 佐賀02 新烏賊 03 伊佐木  愛媛宇和島04 鰆（さごち）藁燻 岩手三陸05 春子 茨城大洗06 鮪中とろ 青森三厩 一本釣07 鯵 島根浜田08 新いくら軍艦巻き 北海道釧路09 車海老 山口宇部10 黒鯥漬け 東京神津島11 赤雲丹 山口12 鮪赤身漬け 青森三厩 一本釣13 小鰭 熊本天草14 穴子 塩 長崎対馬15 穴子 煮詰め 長崎対馬＊お椀16 干瓢巻き＊玉
12,00000001,日本橋蛎殻町 すぎた,4.81,東京都内,"￥20,000～￥29,999","￥20,000～￥29,999",221,この日は.....カレンダーの.....予約した日に〇をつけて.....残日数を.....指折り数えて.....楽しみに楽しみに.....待っていた.....日本橋蛎殻町すぎたさんに.....ひさしぶりに.....おぉぉぉ訪れることが.....できましたぁぁぁぁぁぁぁぁぁぁ～っ！！.....ﾊｧﾊｧ.....zzz.....いただいたものは.....秋田の.....一白水成とともに.....【酒肴】えだまめあわびつぶ貝本あらいわし海苔巻きあなご茶碗蒸しすじこ味噌漬けあかうに（天草）あかむつ焼き酒肴の追加かつお漬けたこ柔らか煮あん肝.....新政酒造の貴醸酒.....陽乃鳥とともに.....かずのこ新いか下足ほたて磯辺巻き【鮨】新子こはだ新いかたいさごしかすご中とろいわしくるまえびいくらぐんかんあかうに（唐津）あなご・詰めであさりの味噌汁たまご追加かんぴょう巻き【以上】です.....zzz.....ごちそうさまでした.....zzz.....食後の.....感想は.....いゃ～参ったにゃ～.....ヤバイにゃ～.....ヤバイにゃ～.....もぅね.....イ云　糸充　白勺　米卆　魚旨　ネ申.....みたいな.....みたいな.....とにかく.....旨すぎたさん～！！.....幸せすぎたさん～！！.....(=^・^=).....zzz.....訪れるたびに.....ますます美味しくなり.....ますます予約困難になり.....ですが.....またぜひ行きたいです.....またぜひ行きたいです.....zzz.....予約が取れますように.....予約が取れますように.....zzz.....ゴロゴロゴロゴロニャォォォォォォォォォォォォォォォォォォォォォゥゥゥ～(=^・^=)
13,00000001,日本橋蛎殻町 すぎた,4.81,東京都内,"￥20,000～￥29,999","￥20,000～￥29,999",221,江戸前鮨なら…と一度は来てみたい名店。個室の予約がとれたので訪問です。握り中心でお願いしました。枝豆平目とつぶ貝（青森産と北海道産）穴子の茶碗蒸しあん肝と日本酒（日本酒は火の鳥）握りこはだ真鯛めいち鯛イサキ鯵さごちかすご鯛まぐろの漬け中とろ大とろ（まぐろは182kgのもの）いわし車海老黒むつほっき貝ばふんうに赤うに（唐津産）穴子（塩・ツメ）お吸い物ネギトロ玉子何をいただいても美味しい…と思うのみ。こんなにも凄いのだと感動モノです。つまみでは、あん肝が一番。煮汁まで素敵で汁まで飲み干すほどです。甘めの火の鳥との相性も抜群です。握りではスペシャリテのコハダから悶絶。ネタは全体的に肉厚。しゃりも気持ち加水率が高い仕様。こんもりとして丸みを帯びたフォルムが可愛らしい握りです。鯵や鰯などの光りものが他では味わえない美味しさ。特に鰯のビジュアルにふるえます。さごちは皮目だけを軽く燻しているようで香りが素敵でした。追加では穴子と赤うに、ネギトロをお願いしています。飲み物は日本酒は勝駒。ビールはAugusutBeer.お水はミネラルウォーターが出る凄さです…。このビールが初めてでしたが美味しかったです。個室でしたが、このお店の凄さを結構味わえたと思います。いつかはカウンターも行ってみたいです。最初と最後に大将があいさつにきてくれました。丁寧で腰の低い接客は人気店ならではなのでしょうね。とても素晴らしく終始テンションあがりまくりのお鮨体験でした。食べログ全国1位は流石です。ブログでも紹介しています。http://subarunoumauma.blog.fc2.com/blog-entry-4584.html
14,00000001,日本橋蛎殻町 すぎた,4.81,東京都内,"￥20,000～￥29,999","￥20,000～￥29,999",221,粋な大将と至高の江戸前鮨水天宮前駅４番出口（ロイヤルパークホテル）から徒歩３分。2017食べログアワード・Gold受賞。鮨さいとうと並んで２トップに君臨する人気鮨店。電話で新規予約を受け付けていますが、滅多に取れません。また、一度伺っても次回の予約を取れるのは古くからの常連のみという敷居の高さ。それ故、鮨好きの間では誰もが羨むプラチナシートとなっています。訪問のコツは常連の友人を沢山作ること！（笑）
15,00000001,日本橋蛎殻町 すぎた,4.81,東京都内,"￥20,000～￥29,999","￥20,000～￥29,999",221,食べログで全国No1(2019/9現在)に輝く、最高のお店、なかなか予約が難しいのだがまた行くことができて幸わせだ。水天宮前駅から歩いて３分、8時30分の２回転目に訪問。◇枝豆◇メガイあわび◇本あら、つぶがい◇北寄貝しょうが醤油◇うに、あわび肝、いくら◇太刀魚◇穴子茶わん蒸し◇さばの巻物◇うに味噌漬け、数の子◇たこ柔らか煮◇平貝西京焼き◇帆立磯部巻き◆小肌◆いさき◆アジ◆さごち（さわら）◆かすご◆中とろ◆いわし◆車エビ◆金目鯛◆うに◆はまぐり◆すみいか◆赤身◆石垣貝◆穴子◆玉すぎたの鮨はほんと美味しい。おつまみも握りも最高だ。いつもどおり、あるもの全部注文、結構な量を食べてしまった。前半部だといつも後半が始まる時間８時３０分になってしまう。その点後半の方が気が楽だ。12時まで３時間半すばらしい鮨をすばらしい大将と楽しんだ
16,00000001,日本橋蛎殻町 すぎた,4.81,東京都内,"￥20,000～￥29,999","￥20,000～￥29,999",221,わたしには、今年からお酒が飲めるようになった甥っ子がいる。かれの成人のお祝いに、「日本橋蛎殻町 すぎた」のプラチナシートに招待することにした。...甥っ子はお酒が飲めるようになったとはいえ、そもそも、鮨屋のカウンター席というものからして人生初体験である。まぁこのくらいの年齢だと当然だと思う。そんな彼の人生初の鮨屋のカウンター席が「日本橋蛎殻町 すぎた」とは、なんと豪華な経験だろう。しかも大将正面の席である。...勿論、世間一般的に、若い子に贅沢な経験をさせることに、眉を顰める傾向があることは知っている。けれど、わたしは逆に若いころにこそ、本当のものを味わっておくことが大切であると思う。味覚的にも、その後の人生の考え方にも大きなプラスの影響を及ぼすに違いないと思うからだ。だから、本日は甥っ子に、若い感性フル動員で本物のお鮨を存分に味わってもらう会にしてみたのだ...当日、甥っ子とはお昼に人形町で落ち合う。とりあえず「今半」か「玉ひで」かで迷ったけれど、「玉ひで」の親子丼御膳いただく。炎天下、店前にうねる行列を涼しく通り抜け、われわれは即座にクーラーの効いた２階座敷に案内され、東京軍鶏の力強い親子丼を堪能する。...ここも情緒があるけれど、この近くの「今半」さんで、仲居さんが全部面倒見てくれるすき焼きも今度食べてみよう、それも下町情緒があって面白いよ♪などと語り合いながら...昼食後は、場所を移して、新海誠監督の「天気の子」を鑑賞する。...「天気の子」はなんとも美しい「水」の映画であった。その「水」は、霞か烟を思わせる柔らかさで視界を覆うかと思えば、風に煽られる湿った大粒の雨だれとなって新宿の街並みに襲いかかる。その湿り気を帯びた新海作品の詩情にみちた映像をシャワーのように全身で受け止めながら、１２０分間を、ポップコーン（塩）を摘まみつつ２人で愉しむ。それから、自由が丘に移動して、「パティスリー・パリセヴェイユ」で甘味をとりつつお茶をしてから、銀座に移動して、並木通り沿いの老舗バー、「スタア・バー・ギンザ 」さんでアイリッシュモルトとビターチョコレートを愉しむ。スモーキーでピーティーなモルトの一滴を舌で受け止めつつ、ビターチョコの余韻を味わう。そうこうするうちに、そろそろ「日本橋蛎殻町 すぎた」の予約時間が近づく。銀座から人形町まではひとっ飛びである。２０１９年８月２５日（日）。水天宮の夜半にたゆたう８月のすぎたの暖簾は、涼し気に透き通った夏仕様である。１回転のお客さんとの兼ね合いで、２０：３０を少し回ったけれど２人してカウンター席に通される。２席用意していただいたうち、甥っ子には、大将正面の席に座ってもらう。まず、わたしが座席に座った途端、甥っ子に注意を促したのは、優れたお鮨屋さんのカウンターに座ったときの香りのことである。...いいお鮨屋さんでは、カウンターに座ったとき魚の嫌な匂いなど絶対にしない。...「日本橋蛎殻町 すぎた」は、嫌な匂いどころか人を武装解除させるようなふくよかな香りで満ち満ちている。これが最高峰のお鮨屋さんのひとつのバロメーターなんだと話すと、かれはビー玉のように澄んだ瞳でその言葉を一言一言受け止めている。１．青森のひらめと千葉大原の雌貝の蒸し鮑蒸し鮑はなにも付けずにいただき、ひらめは、わさびとお醤油でいただく。すぎたさんの始まりのこの白身の摘まみ２品をいただくと、座り心地のよい椅子に座ったような安堵感に見舞われる。ああ、すぎたに来た、という安堵感だ。甥っ子ものっけから目を丸くしている。２．かつおの漬けの切り身浅葱と生姜の刻んだものをちょんと乗せている。魚自体から溢れるオイリーな香りと味わいが醍醐味だ。３．酢で締めたイワシと、大葉、浅葱、ガリを巻いた巻物これは、すぎたさんのスペシャリテのひとつといってもよい。わさびたっぷりで、お醤油をちょっと添えていただくと、イワシというのはこんなに美味しい魚だったのかと目から鱗のふくよかな味わいが口中に広がる。...あらかじめ、甥っ子には、今日のお料理の中で、何が自分で一番美味しいと思うか意識しながら食べてごらんなさい、といってある。...と、このイワシを食べた途端、「ボク、これがスゴいと思います」と即座に耳打ちしてくる(笑)こちらとしては、「よしよしよし」と心の中でほくそ笑む。４．げその粕漬すぎたさんらしい、渋い漬けの仕事が際立つ逸品である。旨い。げそは見た目がかわいくて、どこまでも柔らかい。そこに味噌漬けの仕事がきりっと味の輪郭を際立たせる。大人好みの渋い逸品だ。５．すじこと鮑の肝これも味噌漬けで化粧が施されている。酒好きにはたまらない逸品である。６．竹岡の太刀魚の焼き物これはどのお店でいただく太刀魚より、絶品である。甥っ子も、これを食べた瞬間、心に刺ささりまくって言葉を失っているのが横にいて手に取るようにわかる(笑)７．佐島の煮だここれがわたし的には旨かった。塩ゆでしただけ。最高のたこの旨みをダイレクトに味わう感動に胸が詰まる。８．数の子の味噌漬けこれもアテのものである。日本酒が進む。９．たいらぎの西京焼きシャキシャキとした味調が素敵だ。甘味が遠くに感じ取れるのが嬉しい一品である。１０．ホタテの磯辺巻き焼き上げたホタテの焔立つような旨みを海苔と一緒にいただく。迫力のある逸品である。１１．しんこの握りさぁ、ここからが握りである！時期的に、本日は、しんことこはだ２つの握りが饗される。甥っ子には両方の魚の関係を教え、２つ食べてみて、どちらが美味しいか感想を教えてと宿題を出しておく。１２．こはだの握り冬場にかかるともっと小悪魔的なこはだ独特のスメルが愉しめるのだけれど、やはりこはだは存在感があって旨い。...と、甥っ子が即座に耳打ちしてくる。「叔父さん、ボク、しんこよりこはだの方が好きです♪」これを聞いた途端、こころの奥底で、さらに「よしよしよし」と独り言ちる。(笑)１３．しんいかの握りこれが柔らかく優しく香りのものであった。白身の優しい旨みを、すぎたのカドのないシャリがふわりと包み込む快感...素晴らしい。１４．鯛の握りすぎたの真骨頂の白身の握りの連綿をシャワーのように浴び続ける贅沢な時間帯で、ひときわ輝く白身魚の王様の出番である。一口でいただくが、その噛みごたえ、香り、どれをとっても白身魚の王様というほかない。鯛独特の王者の風格がいつまでも鼻腔のあたりに漂う。１５．さごち（さわらの幼魚）の藁焼きの握り藁焼きも、すぎたの仕事の定番である。藁の鄙びた香りがついた白身魚のスモーキーな味わいを愉しむ。１６．かすご鯛（鯛の赤ちゃん）の握り甥っ子は、これが鯛の赤ちゃんであることを知らない。ずいぶん白身の王者と雰囲気が違って優しく甘い味わいでしょ、というと食べながら、何度も頷きながら腹落ちしたような表情をしていた。１７．中トロ本日の鮪は塩釜のものだそうだ。すぎたの鮪は、わたしの中で鮨屋の一番である。ギタついてなくて、きちんと個体としての迫力を持っている。シャリとの相性も抜群である。１８．鯵の握りここで再び、青い魚に戻るのだけれど、すぎたの鯵ほどうまい鯵を食べたことがないと、ここに断言したい！ここに鯵の最高峰がある！これは思わずお代わりしてしまう。１９．巻きえび茹でたての上質な巻きえびのぬくもりを、香りとともにいただく。いつものように素晴らしい。２０．雲丹の握り軍艦でない雲丹のにぎり。これが一番雲丹の旨みを感じ取ることができる饗し方だと思う。２１．赤身の握りすぎたに来たら、赤身は絶対だ。ただ、今日は残念ながら、薄く切って折りたたんだすぎた独特の赤身はいただけなかったけれど、今日のものも充分水準を越えて素晴らしかった。２２．煮蛤の握りミルキーでシルキー。これに感動しない人間とは永遠に縁を切りたい！２３．いさきの握りさっぱりとした味わいの中に、鯛に肩を並べる豪奢な旨みを感じる。２４．大トロの握りこれは甥っ子たっての追加オーダー(笑)とろけるような顔をして味わっているのが、なんとも微笑ましかった。２５．鯵の握り（お代わり）ここで鯵のお代わり。２６．穴子の握り（塩）穴子は、塩とツメでいく。さっぱりとしていてササクレがない。素晴らしい。２７．穴子の握り（ツメ）ツメの濃厚さを味わった時点で、甥っ子が「同じ食材でもこんなに味って変わるんですね！」と反応する。これを聞いた途端、また再び、「よしよしよし」と独り言ちてしまう。(笑)最後は、玉、潮汁で一通りとなる。本日は、心の底から愉しい会となった。なにより甥っ子の目から鱗の連続にひたすら癒された会となった。何か、甥っ子の中でこれきっかけでプラスの変化が生まれてくれたなら、これほど嬉しいことはない。そして、本日も渾身の握りを提供してくれた大将に感謝である！次回は１２月の訪問である！
17,00000001,日本橋蛎殻町 すぎた,4.81,東京都内,"￥20,000～￥29,999","￥20,000～￥29,999",221,日本橋蛎殻町すぎた﻿﻿初心者フーディーの私﻿予約出来た時には嬉しくて震えました。﻿﻿緊張しながら入ると、﻿杉田さんが優しい笑顔で迎えてくださいました。﻿﻿ずっと魅入ってしまう程﻿滋味深い所作﻿目を閉じている様に見える﻿鮨を愛おしむかの様に握る﻿時代劇のお芝居を見ている様な気分。﻿例えがちょっと安っぽいかな、﻿もっと神々しいです。﻿﻿握りについて。﻿こんなに沈む握りは初めて見ました。﻿絶妙な加減のシャリで、﻿タネも厚めの切りつけ。﻿﻿﻿私はすぎたさんに伺うよりも先に﻿はしもとさんに行っているので、﻿はしもとさんの握りとすぎたさんの握りを﻿比べるという逆の目線になってしまうのですが、﻿やはりフォルムがどことなく似ている。﻿﻿しかしながら、お互いに進化を止めない﻿お二人ですから、それぞれの良さが分かりました。﻿﻿すぎたさんに来れて良かったです。﻿また予約が取れると良いなぁ﻿。ごちそうさまでした！﻿﻿﻿いただいたもの﻿↓↓↓﻿﻿﻿【おつまみ﻿】﻿枝豆﻿﻿つぶ貝﻿北海道様似﻿﻿★青森の平目﻿えんがわ﻿﻿★名物鰯巻き﻿酢締めした鰯﻿大葉・浅葱・ガリ﻿浅めの締め﻿﻿タコの柔らか煮﻿三浦半島の佐島﻿﻿穴子の茶碗蒸し﻿﻿★余市の鮟肝﻿﻿★★岩手の筋子味噌漬け﻿﻿鮟肝に合わせてお猪口で﻿新政酒造陽乃鳥の貴醸酒﻿﻿東京湾竹岡の太刀魚﻿﻿★数の子味噌漬け(追加)﻿西京味噌8割とお酒﻿﻿★鮑の肝味噌漬け(追加)﻿西京味噌6割﻿信州味噌4割﻿﻿平貝西京焼き(追加)﻿﻿ガリ﻿﻿﻿【握り﻿】﻿★天草の新子﻿2枚づけ﻿鰯巻きより強めの締め﻿﻿★★小肌﻿佐賀県﻿﻿★真鯛﻿愛媛の八幡浜﻿3日目 ﻿﻿★★淡路のサゴチ﻿鰆の幼魚(関西名サゴシ)﻿稲藁で焼いて軽く漬けにしたもの﻿﻿ガリおかわり(ぶつ切り)﻿﻿★春子鯛﻿軽い昆布締め﻿茨城の大洗﻿3日目﻿塩と酢橘﻿﻿★中トロ﻿宮城県塩竈﻿﻿★鯵﻿千葉外房﻿﻿車海老﻿大分県﻿﻿黒ムツ﻿﻿唐津赤雲丹﻿塩水雲丹﻿ ﻿﻿★赤身漬け﻿﻿★新いくら軍艦﻿﻿★穴子ツメで﻿﻿玉﻿﻿浅蜊汁﻿﻿
18,00000001,日本橋蛎殻町 すぎた,4.81,東京都内,"￥20,000～￥29,999","￥20,000～￥29,999",221,仲良しの友人から，お寿司が好きなら行っておいた方がいいよと勧められ，行ってきました。「日本橋蛎殻町すぎた」知らないヒトは，ここがお寿司屋さんだとは思わないかも知れません。時間が来て，灯りがついて暖簾が掲げられると，オーラがでますね。日曜日は，午後5時30分からの回。各種グルメサイトの開店時間とは，今は違っているようです。コースは，基本，おまかせコースのみ。追加もできます。枝豆ときたら，ビールですよね。隣のお客さんはどうやら常連客のようで，たぶん，ドタキャンが出た席を埋めるべく来た様子で，好きなネタを好きな順番で出してもらってました。何が出てくるのか，楽しみです。まずは，刺身から。香りの良いヒラメと，コリコリと食感のしっかりした「つぶ貝」手前にはエンガワも。座ったのは，杉田さんの右手がよく見えるカウンターの席でした。この「すぎた」の名物「さばの海苔巻き」ではなくて，今日は「鰯の海苔巻き」。「鰯の海苔巻き」は，イワシと，大葉，あさつき，ガリが海苔で巻かれています。お米なしの海苔巻きは，面白いですね。もちろん，まだ，お酒のおつまみのステージですけれど。海苔，酢締めした鰯の身，アサツキ，ガリの食感の対比が面白いです。これが，素晴らしく美味しかった。タコって，ここまで柔らかくなるの？ってくらい柔らかく調理された「タコの柔らか煮」ほんのちょっとだけマスタードが乗っていて，アクセントになっています。こちらは，茶碗蒸し器も豪華。そう，これ，「穴子の茶碗蒸し」なんです。ふんわり柚子の風味がついていて，とても繊細で，濃い味ではないのにしっかり余韻の残る味付け。こちらは，「すぎた」の定番「あん肝」芯までしっかり味がしみていて，舌と口蓋でふわりと潰せるクリームみたいな，滑らかですごい舌触りのあん肝です。「マリアージュに」と，新政酒造陽乃鳥　貴醸酒を付けてくれました。これが，また合う。すごいね，よく研究されてる。「筋子の味噌漬け」は，少し甘め。醤油ではなくて味噌漬けで，これもお酒のおつまみにはいいですね。千葉の竹岡でとれた太刀魚の焼き物ふんわり柔らか，皮まで香ばしい。ガリなんだけど，ほぼショウガで，余計な味付けをしていない「ガリ」切り方も珍しいね。ここまでで，おつまみとしてのネタはおしまい。もちろん，まだ出ていない物もあるのだけれど，お寿司を握ってもらう前に，「ホタテの磯辺焼き」を追加で。味が染み込むように，ホタテの表面に包丁が入れられています。わりと濃い味付けで、いつまでも噛んでいたくなるホタテ。なるほど。というわけで，ここからは握ってもらいます。杉田さんの，所作が美しいというか，見られることを意識した動きなんだろうな。握るときに，くるっと180゜回転させるところなどは，見ていて惚れ惚れします。天草の新子　2枚付け。お酢だけの浅め，あっさりした新子のにぎり。そして，こちらが，「すぎた」の十八番「コハダ」酢と塩加減が絶妙で，味の広がりぐあいが素晴らしいですね。「真鯛」やはり，香りを引き立てる握り方というのがあるような気がします。寿司を置くと，ネタの重みで，まるで寿司が生きているかのようにふわっと沈み込んでいくのが，また，エンターテイメント成分。シャリはやや硬めの赤酢仕立て。甘みはそれほどないので，好き嫌いは分かれるかも。「サゴチ」藁焼きで，変わった香りがします。これは，玄人好みかな。大人のお寿司。この良さがわかるには，まだもう少しかかりそうです。こちらもなかなかお目にかかれない「かすご（春子）」表面の肌理が特徴的。昆布締めで，すだちかな，爽やかな後味です。すごい中トロ（背トロ）外からはわからないけれど，ネタの表面と裏の味が違うんですよ。割としっかりした食感で，脂身もほどほど。甘みと旨味。うん，すごい鮪です。こちらは，「鰺」。千葉産だそうで，あのあたりかな？新鮮さとほんの少しの脂身と香り。余韻まで楽しい鰺。りっぱな「車海老」が出てきました。そうそう，せっかくなので，僕は箸は使わず，指でつまんで食べてます。ボキャブラリーが貧弱で申し訳ないけど，ぷりっぷりの車海老でした。「クロムツ」ねっとりした食感が特徴。置いたらすぐに食べてくださいねと，「ウニ」唐津産の赤ウニです。阿吽の呼吸で，ぱくり。とろける。ミョウバンを使わず，海苔で軍艦にもしないから，すぐ崩れる柔らかさ。海苔を使わないことで，ウニの旨さを引き出しているんですね。煮詰めで「穴子」白焼きと選べるけど，オーソドックスに煮詰めにしてもらいました。どうやって調理したの？ってくらい口の中で溶けます。まるでカステラかケーキのように見えるけど，これは「卵焼」甘さ控え目の伊達巻き風の味付け。最後は，器の蓋の裏側も美しい，アサリ汁ほっとするね。「すぎた」の店内には，お弟子さんもたくさんいて，杉田さんが目配せ，ちょっとした声がけで，ぴしっと若い彼らが動くのを見ていると，接客やマネージメントのお手本にもなりそうです。これほどのクオリティのお寿司を出すのだから，そりゃ，厳しいと思いますよ。店内には緊張感もあるし，でもゆったりとお寿司を楽しんで欲しいという気持ちも伝わってきます。次の回のお客さんが来たのが見えたので，僕らはそそくさと帰りましたが，9人のカウンターのお客さんと個室のお客さんを同時にスタートさせて，同時に終わらせるのは，お客さんによっては追加もあるし，お酒もたくさん飲む人もいるわけで，難しいですよね。ネタの仕込みや料理の繊細さや細かい仕事ぶり，杉田さんの立ち居振る舞いを眺めつつ，美味しいお寿司をいただくというのは，やはりミシュランで星が付いた「すぎた」ならではの楽しみ方なのだと思います。しみじみ「大人のお寿司」を体感できました。予約は簡単には取れないし，費用的にもしょっちゅう来られるものでもないので，よい経験になりました。ごちそうさまでした。
19,00000001,日本橋蛎殻町 すぎた,4.81,東京都内,"￥20,000～￥29,999","￥20,000～￥29,999",221,水天宮で江戸前鮨。日本橋蛎殻すぎた。お鮨を好きな方なら一度は食べてみたいお店。縁があり訪れることが出来ました。階段を降りて扉を引くと小さな待合室で荷物を預かってくれます。予約困難店ですが、朗らかに暖かな雰囲気で大将が迎えてくれます。どうやら構えなくて楽しむことが出来そうです。この日は個室に入ります。いつもとは異なり朱色が目に入る寿司下駄で。⬛️おまかせつまみ〜鮑とつぶ貝、鰹、新烏賊下足煮蛸、平貝味噌漬け、鮑肝味噌漬け鱒子、太刀魚酒盗焼き、鮟肝、塩うににぎり〜しんこ、こはだ、新烏賊鯵、鮪、北寄貝、鰯車海老、いくら、うに煮蛤、づけ、穴子、かっぱ、玉おつまみ～大きな様似のつぶ貝と大原の鮑をお造りにして、ビールで乾杯して始まります。滑らかな鰹もお酒が進む良つまみ。この時期食べたい香ばしい新烏賊下足。生姜醤油との相性が絶妙すぎる。ぷるんぷるんの佐島の煮蛸。しみでる味と柔らかい食感がたまらない。味噌漬けにしたまろやかな口当たりとコクがたまらない平貝と奥の方まで香る綺麗な鮑肝。こちらの味噌漬けは、もはやお店の代名詞のひとつと思ってます。まろやかさとコクと旨味が調和しています。鱒子も味噌漬けにしてありコク満載。身厚に切ってある香りが良い東京湾の太刀魚が食べ応えあって最高＾＾甘めに炊いたふんわりした鮟肝とお酒は必須コンビ。よく利いた塩がアクセントの塩ウニでよりお酒が進む。握り～この時期ならではの柔らかさが随一のしんこ。酸味がしっかりした天草の〆三日目こはだも！心地良く感じる綺麗な酸味がスッーと消えていきます。こはだの脂も感じる絶妙なバランス！毎回お代わりをしたくなる絶品さ。こちらもふんわりとした柔らかさが妙の新烏賊。下駄に置いた瞬間に沈むシャリと共に。しっとりした鯵、脂がありとろけるように消えてなくなります。待ってましたと登場する鮪。ルビーのように輝く鮪。トロの食感残りながらしっとりと柔らかいバランスと鉄分感じる味わいが秀逸。口でハラっとほどける抜群に美味しいシャリ。続く北寄貝の柔らかさと味の濃さに食べる幸せを感じずに要られません。この時期の旬素材、鰯を口に運ぶと幸せです。柔らかい身と脂が一体となっています。次に、お弟子さんが高速で熱々を剥いてるプリッとした車海老の甘みを堪能。柔らかくとけるキラッと輝くいくら。青森のムラサキウニ、他の味が混ざらない海苔無しうに握り。赤ウニのような濃さと甘さを感じられます。そして、程良く香る漬けと続きます。ふわふわ塩穴子は、ほっぺたも両側が落ちそう。タレ穴子も美味しいから両方頂いてしまう・・・。海老と山芋の旨さを感じる玉で〆接客が丁寧で笑いに包まれたカウンター。個室でも大切に。優しく握りを扱う大将の思いが伝わります。美しい佇まいが所作に鮨に表れます。すっーと沈む鮨を口にすると固めで粒はしっかりしながらもハラハラとほどけていきます。旨味の味を纏い口で広がるさまは幸せそのもの。ネタは艷やかで大きな切り。澄んだ味が舌に染み渡る。これほどまでに透き通る味わいは他にありません。素材や技法が組み合わさるとこんなにもバランスが良く美味しいのかと感嘆します。美味しく味わって欲しい。そんな真っ直ぐな心が伝わる極上の江戸前を堪能できるお鮨です。大将の肌がお鮨のようにぷりぷりに綺麗なのは驚。ご馳走さまでした！
20,00000002,鮨 さいとう,4.73,東京都内,"￥10,000～￥14,999","￥20,000～￥29,999",485,うどんが主食の公式ブログ https://alwaysudon.com/sushi-saito-roppongi/うどんが主食の公式メルマガ　http://alwaysudon.online/mailmagazine/うどんが主食の讃岐うどんブログ　http://alwaysudon.jp/sanukiudon/ 　instagram　https://instagram.com/alwaysudon/友人夫妻を迎えて貸し切り会。最近斎藤さんの方が少なくて橋場君の方がかなり多いが橋場君の熟練ぶりはどうだろう・・・最初からよかったが、今はそれにも増してよくなってる。来年は独立するようだが、かなり楽しみですね。
21,00000002,鮨 さいとう,4.73,東京都内,"￥10,000～￥14,999","￥20,000～￥29,999",485,The Tabelog Award Gold 及び　ミシュラン三ツ星を受賞し続けている「鮨 さいとう」さんへ行ってきました。（ちなみに2019年もGoldを受賞されました。おめでとうございます）昼にお邪魔するのは久々なので、とても楽しみです。今回は、店主の齋藤さんの正面で頂きました。白い器で頂けるつまみや握りを思いっきり堪能したいと思います。最初に提供された「いくら」は旬だけあり、色・形・味どれをとっても良し！と感じる一品。次への期待が広がりました。毛蟹はふんわりと優しい甘さがあり、お替わりしたくなる旨さ。コハダは締め方がキツくないので、コハダの旨味は残しつつ、苦手な方も多いクセはシャットアウトしてくれています。美味しいです。斎藤さんは、いつもお客を緊張させずに美味しく味わうためのおぜん立てまでしてくださいます。今回もこだわりと匠の技を充分に感じる逸品揃いで大満足しました。いただいた内容は以下の通りです。○イクラ○あわびと蛸○ほっき貝○毛蟹○長芋○穴子白焼き○ホシガレイ○サワラ○コハダ○赤身○中トロ○大トロ○カスゴ○〆鯖○いわし○雲丹○穴子○巻物○玉子
22,00000002,鮨 さいとう,4.73,東京都内,"￥10,000～￥14,999","￥20,000～￥29,999",485,Instagram    pateknautilus40https://www.instagram.com/pateknautilus40/定期訪問の『鮨さいとう』。自転車会館にあった頃から変わらぬ所作と変わらぬ味には恐れ入ります。さて、来年からは会員制にするようで新規客の受付も完全シャットアウトになるようです。まあ、実際のところこちらに限らず都内の人気鮨店は元々軒並み新規客の予約が困難でしたけどね。。。そしてお弟子さんの橋場君の席は改装して全く別店舗になるとの事。。。ある意味楽しみですね。変わらぬ所作と変わらぬ味ですが、それ以外はどんどん新展開で変わって行ってます。既に香港に出店してますし、更には今後空港にも出店したり、あそこや〇〇へ出店するとかしないとか。。。凄いです。昔から知っている客の1人としては嬉しい限りなんですけどね。そして肝心の鮨の方ですが、この日は今年初めての『鯖の棒寿司』が出ました。これ美味しいんですよね～更に『鰯の握り』も良かったです。なお、この日頂いたものは下記の通りです。『いくら』『鮑と蛸のやわらか煮』『鰹』『北寄貝』『鯖の棒寿司』『毛蟹』『穴子の白焼きはピリ辛醤油で』『長芋のわさび漬け』以下は握りで『ほしがれい』『鰆』『コハダ』『赤身』『中とろ』『大とろ』『あおりいか』『車海老』『鰯』『あかうに』『お椀』『穴子』『太巻き』『たまご』
23,00000002,鮨 さいとう,4.73,東京都内,"￥10,000～￥14,999","￥20,000～￥29,999",485,初めて貸切会を開催しました。ビールで乾杯♪新いくら。飲むようにして食べてくださいと。もったいないけど、飲む！本当に美味しい。永遠に飲める。白海老は生姜醤油で。甘さとねっとり感、生姜のアクセントが良い◎定番のたこと鮑。鮑は肝酢で。もうこの肝酢だけで飲めちゃうよ(笑)ため息の出る美味しさ。超絶品新作来ました。ほっき貝、美味しすぎた…悶絶。またこのふりかけてある海苔(あおさ？)がいい仕事するんだ。皮目をパリッと炙った鰹。切る時のサクッとする音からもう美味しい。おつまみラストは穴子。これ、大好きなんです。そのままでももちろん美味しいし、お醤油と輪切りの唐辛子と食べるのも好き。にぎりが始まるのでネタ準備中。鮪が美しすぎる…にぎりスタート♪かれい縞鯵新子サイズのこはだまぐろ三昧♪赤身大とろ中落ち　新作！旨し！シャリはかなりあったかめでネタは冷たい。口に入れた時はこのギャップに驚くんだけど、混ざり合った時に意味が伝わってくる。旨いとしか言えない。いか鰯　うんまぁぁぁ！！さいとうで鰯のにぎりは初めてかな？骨なんて一切ないし、臭みもないし、鰯ってこんなに美味しかったの？と思わされる。車海老雲丹　本当これテンション上がる。丼ごと、いただきたい。まずはそのままスプーンでいただいて雲丹本来を楽しむ。その後は海苔にのせて。好きすぎる。もし、丼でこれが食べられるなら通風になっても本望です。穴子太巻きで〆この日の穴子はいつもにも増して身がふっくら柔らかくて美味しかったです。お酒はビールからの日本酒。ボトルの写真は2枚しかないですが、もっと飲みました(笑)乾杯の時には「今日あんまり飲みたくない」と言ってたのにすぐ調子乗っちゃう。だって美味しいし楽しかったんだもん♪
24,00000002,鮨 さいとう,4.73,東京都内,"￥10,000～￥14,999","￥20,000～￥29,999",485,2019年9月某日再訪問朝は猛烈な台風が関東直撃した日に訪問。＜ツマミ＞イクラ   まずまず穴子の白焼き       かなり美味ウニ    (赤ウニ  天草)  (紫ウニ  大間)  (馬糞ウニ  根室)    かなり美味鮑(千倉産)  煮蛸     まずまず＜握り＞鮪(気仙沼産)   123kg    かなり美味黒むつ    かなり美味鯵(大阪湾)     かなり美味コハダ    バカ旨松川カレイ    まずまず 次回の訪問を楽しみに待ちます2019年7月某日再訪問＜ツマミ＞紫ウニ(美国産)    かなり美味馬糞ウニ(美国産)   かなり美味ノドグロ(焼き)    かなり美味白エビ    まずまず鰹あぶり    バカ旨＜握り＞コハダ    バカ旨馬糞ウニ(利尻産)   かなり美味鯵(浜田産)   かなり美味鮪(塩竃産)   バカ旨     この時期としては最高です。縞鯵(御蔵島産)    まずまず次回の訪問を楽しみに待ちます令和元年6月某日再訪問＜ツマミ＞白エビ     まずまず紫ウニ、馬糞ウニ(余市産)   かなり美味赤ウニ(唐津産)    甘みもなく凡庸ノドグロ    脂のりあるも、水っぽい感じ。                    微妙な感じでした。煮蛸、蒸し鮑    まずまず＜握り＞金目鯛     かなり美味コハダ     かなり美味縞鯵         かなり美味鮪(舞鶴産)   バカ旨煮蛤    バカ旨穴子、車海老      まずまず次回の訪問を楽しみに待ちます令和元年5月某日再訪問令和最初の鮨さいとうです。記念すべき日に伺いました。7席だったので席間隔に余裕があり良かったです。TVで見かける芸人の方がいらっしゃいました(笑)＜ツマミ＞白エビ       安定の味ですね鮟鱇肝    まずまず 桜鱒(焼き)      かなり美味ノドグロ(焼き)   かなり美味＜握り＞鮪(那智勝浦産)  168kgだそうです。赤身漬、中トロ、大トロ      バカ旨。この時期としては最高ではないでしょうか。素晴らしいです。紫ウニ(ダイセン)     かなり美味一折りの価格が高額で驚くばかりです…コハダ     まずまず鯵、障泥烏賊    まずまず金目鯛(昆布〆)   かなり美味穴子    まずまず 次回の訪問を楽しみに待ちます。平成31年4月某日再訪問平成最後の鮨さいとうです。＜ツマミ＞鯛の子      まずまず鮟鱇肝    バカ旨白エビ    まずまず太刀魚(焼き魚)＜握り＞鮪(紀伊勝浦産)     178kg特に大トロ     バカ旨紫ウニ (銀次郎)     かなり美味久しぶりに食べましたがタマリマセン鰤     かなり美味コハダ、鯵      まずまず穴子    まずまず玉、   かなり美味令和でも宜しくお願いします。平成31年2月某日再訪問＜ツマミ＞鮟鱇肝    バカ旨ノドグロ(スープにつかっています)食べたら大変美味しかった(笑)メジマグロ(炙り)     バカ旨＜握り＞鮪(伊豆下田産)   260kg     かなり美味鯵    まずまずコハダ     バカ旨鰤、穴子     かなり美味紫ウニ      まずまず玉    少し変わった感じ…次回の訪問を楽しみに待ちます。平成31年1月某日再訪問今年最初の鮨さいとうです。今年もよろしくお願いいたします。＜ツマミ＞鮟肝     普通です喉黒(焼き魚)    かなり美味メジマグロ(炙り)    超バカ旨     タマリマセン毛蟹   かなり美味イクラ、白魚     まずまず＜握り＞鮪    178kg     赤身と中トロ     バカ旨紫ウニ(青森産)    色あいが微妙もかなり美味鯵(出水産)    かなり美味穴子(対馬産)    バカ旨コハダ   かなり美味鰆    超バカ旨        この日  No.1次回の訪問を楽しみに待ちます平成30年9月某日再訪問今回が平成30年最後の訪問でした。予約も大変です。＜ツマミ＞毛蟹、イクラ    かなり美味穴子(白焼き)   かなり美味煮蛸、蒸し鮑    まずまず鰹    バカ旨赤ウニ   (淡路島 由良産、山口  萩産)   バカ旨＜握り＞鮪    かなり美味鰤(漬け)    北海道産    バカ旨馬糞ウニ    利尻島産   かなり美味鯵、車エビ    まずまず穴子(壱岐産)    かなり美味コハダ    かなり美味次回の訪問を楽しみに待ちます。平成30年8月某日再訪問訪問日は国際色豊かな日でした。＜ツマミ＞イクラ      訪問日が今季初日でした。                   かなり美味。赤ウニ     壱岐産と由良産(淡路島)    バカ旨穴子(白焼き)     かなり美味毛蟹    かなり美味 ＜握り＞新子(舞阪産)     １枚付        バカ旨馬糞ウニ(おがわ   利尻産)     かなり美味障泥烏賊 (萩産)     かなり美味鯵(出水産)   バカ旨煮蛤(銚子産)    超バカ旨鮪(竜飛産)    120kg    バカ旨穴子 (対馬産)     かなり美味ネギトロ(手巻き)    かなり美味今回は大満足でした。次回の訪問日を楽しみに待ちます。平成30年6月某日再訪問訪問日、カウンターに10席でした。流石にぎゅうぎゅう(笑)＜ツマミ＞赤ウニ(壱岐産)、キタムラサキウニ(余市産)バカ旨。白エビ   まずまず。蝦蛄  まずまず。ノドグロ(焼魚)  まずまず。＜握り＞星鰈(青森産)    バカ旨     白身で久しぶりに感動しました。鮪(青森  尻屋産)   延縄赤身   気持ち筋が気になりましたが味は抜群。           この時期にしては大変美味です。中トロ、大トロ   かなり美味。夏の鮪なのに色合いも素晴らしい。縞鯵    かなり美味。馬糞ウニ(利尻産)、アオリイカ(山口産)    まずまず。コハダ、穴子   かなり美味。玉   かなり美味次の訪問を楽しみに待ちます。平成30年5月某日再訪問訪問日には有名な選手がいらっしゃいました。＜ツマミ＞蝦蛄   かなり美味白ヱビ   かなり美味＜握り＞鮪(沖縄産)   この時期の鮪にしてはバカ旨。これ以上は望めないと思います。煮蛤   かなり美味ですコハダ   バカ旨ムラサキウニ(ダイセン)   まずまず・・・穴子   かなり美味です。次回の訪問を楽しみに待ちます。平成30年3月某日再訪問訪問日には超有名なMさんと同じカウンターでした。＜ツマミ＞ノドグロ(焼き)   まずまず脂が少し物足りない感じ。鮟鱇肝     バカ旨。素晴らしいです。 ＜握り＞鮪( 紀伊勝浦)    かなり良いが、ピークは越えた感じ。時期的に仕方ないが。春子   バカ旨。鮨さいとうで初めていただいた。最近、提供しだしたらしいです。黄身酢につけて仕込みをすると言っていました。「日本橋蛎殻町すぎた」の春子とは違いますが、素晴らしかった。また食べたいです。鰤   かなり美味穴子   バカ旨紫ウニ   まずまず次回の訪問を楽しみに待ちます。平成30年1月某日再訪問今年初の「鮨さいとう」です。今年も宜しくお願い致します。訪問日は生憎の大雪でした(笑)＜ツマミ＞ノドグロ(焼き魚)    脂も丁度良く美味です。鮟鱇肝    バカ旨真鱈の白子、煮蛸     美味です。＜握り＞鮪(戸井産)  154kg   超バカ旨。自分史上、鮪のベスト3に入ります。赤身、大トロもとても良いが、中トロが半端なかったです。穴子、コハダ、馬糞ウニ    かなり美味。鯵、鯖   かなり美味。次回の訪問を楽しみに待ちます。平成29年11月某日再訪問＜ツマミ＞穴子白焼き   かなり美味。鮟鱇肝   まずまず。白子   かなり美味。蝦蛄  バカ旨。煮蛸、アワビ  まずまず。＜握り＞鮪(大間産)  150kg    バカ旨。鯖棒寿司   バカ旨。秋刀魚  かなり美味。コハダ、鯵、馬糞ウニ、真鯛  まずまず。今年最後の「鮨さいとう」でした。１年お世話になりました。次回の訪問を楽しみに待ちます。平成29年10月某日再訪問10月なのにかなら暑い日の訪問。＜ツマミ＞ウニ３種    壱岐・唐津(赤ウニ)、昆布森(馬糞ウニ)赤ウニ、普通。馬糞はかなり美味。穴子白焼き   かなり美味。アワビ、煮蛸    まずまずイクラ   皮も柔らかくかなり美味。＜握り＞鮪  バカ旨。鰤、コハダ   かなり美味。鯵    バカ旨。穴子、車海老   かなり美味。この日は、港区にある某有名店の２番手さんが隣席にいました(笑)次回の訪問を楽しみに待ちます。平成29年8月某日再訪問昨日は東京も37度超の酷暑日だったが、訪問日は30度超と気温は落ち着いた日でした。＜ツマミ＞ウニ３種、余市産のムラサキウニと馬糞ウニ。かなり美味。愛媛産の赤ウニ  まずまず。ノドグロ(焼き)、かなり美味。白エビ、かなり美味。鮑、煮蛸、美味です。＜握り＞シンコ(2枚付)、バカ旨。穴子、かなり美味。鮪、かなり美味。鯵、かなり美味。ムラサキウニ(宮城県  片倉)バカ旨。初めて食べた加工会社でしたが、くせもなく美味しかった。次回の訪問を楽しみに待ちます。平成29年6月某日再訪問満足しました。＜ツマミ＞ウニ３種類食べ比べ、美味しかったです。赤ウニ(山口産)、馬糞ウニ・紫ウニ(余市産)毛蟹、ノドグロ   かなり美味。蝦蛄(小樽産)  バカ旨。＜握り＞鮪(境港産)  かなり美味。紫ウニ(青森産  カネヨ)  美味です。縞鯵(宮崎産)、鰯     バカ旨です。ご馳走様でした。平成29年4月某日再訪問大変満足致しました。「ツマミ」白えび＋鯛の酒盗超バカ旨。一品目で早くもKO寸前。お酒にも滅茶苦茶あいます。ノドグロ(焼き)、脂のりが今一つ。「握り」金目鯛(銚子産)  バカ旨穴子(対馬産) バカ旨サヨリ(オボロあり)  かなり美味鮪(紀伊勝浦) バカ旨    210kgらしい。 この時期の鮪としては素晴らしいです。次回の訪問を楽しみに待ちます。平成29年2月某日再訪問１年ぶりの鮨さいとうです。色々あり、ようやく再訪問できました。＜ツマミ＞煮蛸とアワビ：美味です毛蟹：かなり美味です真鱈白子：かなり美味ですノド黒：程よい脂のり好みです鮟鱇肝：バカ旨。タマリマセン。食べられて良かったです。＜握り＞コハダ：バカ旨。タマリマセン。鮪：下田産、300kg超の大物。バカ旨。大トロも筋ばっておらず、脂も良いです。穴子：美味です。鯖棒寿司：甘みがタマリマセン。かなり美味です。鰤：佐渡産。私には丁度良い脂のり。かなり美味です。１年ぶりの鮨さいとう、大変満足致しました。次回の訪問を楽しみに待ちます。平成28年2月某日再訪問久しぶりに、お昼の15貫握り。鮪、最後の大間産をいただきました。バカ旨でした。白エビ、コハダ、かなり美味でした。平成28年1月某日再訪問今年最初の鮨さいとう。鮪(大間産)、167kg。中トロがバカ旨。毛蟹、鯵(出水産)、かなり美味。今年も宜しくお願い致します。平成27年12月某日再訪問今年最後の鮨さいとう。一年間有難うございました。鮪、大間産の210kg。超バカ旨。素晴らしい鮪でした。穴子、バカ旨。久しぶりに素晴らしい穴子は。次回の訪問を期待して待ちます。平成27年11月某日再訪問久しぶりに夜に訪問者しました。今回、鮪(大間産180kg)が特に美味しかった。赤身、中トロ、超バカ旨でした。鮟鱇肝、最近食べられる中ではかなり美味だと思いますが、ピーク時に比べると。。。楽しい時間を有難うございました。次回の訪問を楽しみに待ちます。平成27年10月某日再訪問半年ぶりの訪問。大変満足しました。隣り合わせた方は、シンガポールから食べにきた方でした。次回の訪問を楽しみに待ちます。平成27年5月某日再訪問おまかせフルコースを頂きました。「ツマミ」太刀魚(焼魚)、かなり美味。毛蟹、まずまず。鮑、煮蛸、かなり美味。「握り」鮪(宮崎 川南産)、バカ旨。煮蛤、車エビ、バカ旨。鯵(出水産)、コハダ、かなり美味。金目鯛(銚子産)、超バカ旨。紫ウニ(ダイセン)、凡庸。残念です。穴子、美味です。次回の訪問日を楽しみに待ちます。平成27年3月某日再訪問今回は久しぶりに、15貫の握りのみ。コハダ、バカ旨。鮪(ニュージーランド産)、250kg。美味でした。穴子(大阪湾産)、美味でした。今回、さいとうサンがお客さんからの質問攻めにあい、ペースを乱しまくり。嬉しいハプニングが・・・。私も笑わせて貰いました(笑)平成27年1月某日再訪問「ツマミ」のどぐろ(焼き)蟹「握り」鯵、鮪、こはだかなり美味。馬糞ウニ(マルキ 平川水産)美味でした。平成26年10月某日再訪問｢ツマミ｣蛸、鮑、まずまず。穴子白焼き、バカ旨。〆鯖(刺身)、美味です。イクラ、バカ旨。｢握り｣鮪、バカ旨。穴子(対馬産)、超バカ旨。鰤、鯵、まずまず。コハダ(熊本産)、超バカ旨。馬糞ウニ(昆布盛産・マルキ平川水産)、美味です。年内最後の｢さいとう｣のお寿司堪能しました。次回は１月、楽しみに待ちます。2014年9月某日再訪問今回も美味しくいただきました。穴子(壱岐産)、バカ旨でした。鯵(出水産)、かなり美味。次回の訪問を楽しみに待ちます。2014年7月某日再訪問いつもながら全体的に高レベルで今回も満足しました。〈ツマミ〉のど黒(焼き)、脂の甘みも程良く美味。アワビ、蛸、美味でした。馬糞ウニ(利尻産)、紫ウニ(余市産)、バカ旨。〈握り〉穴子、煮蛤、縞鯵、バカ旨。白エビ、コハダ、美味でした。2014年5月某日夜訪問いつもながら全体的に高レベルで今回も満足しました。〈ツマミ〉ホタルイカ、カツオ、蛸、白エビ、バカ旨でした。赤ムツ(焼魚)、まずまず。〈握り〉コハダ、鯵(出水産)、馬糞ウニ、美味でした。煮蛤、穴子(壱岐産)、車海老、バカ旨でした。2014年4月某日再訪新店舗2回目の鮨さいとうです。〈ツマミ〉ホタルイカ、鮟鱇肝、バカ旨。ノドグロ(焼魚)かなり美味でした。〈握り〉縞鯵、鮪(高知県産)、コハダ、バカ旨。馬糞ウニ(平川水産)、紫ウニ(はだて)、鯵(出水産)、美味でした。2014年2月某日再訪新店舗に初訪問しました。カウンターに8席ですが横の間隔が広くなり嬉しいです。新しい暖簾もグッドです。贅沢にフルコースでお願いしました。〈ツマミ〉煮蛸、蒸し鮑、白子(ポン酢)、まずまず。ノド黒(焼魚)、鮟鱇肝、バカ旨でした。〈握り〉〆鯖、、鮪(山口産)、かなり美味でした。馬糞ウニ(マルキ・平川)、普通です。紫ウニ、この日は無しで残念。鯵(出水産)、穴子(煮ツメ)、煮蛤、バカ旨でした。ビール×2杯飲み、会計が2.5万円強でした。2013年11月某日再訪自転車会館の店舗で最後のお寿司。ツマミからおまかせでいただきました。(ツマミ)鮟鱇肝(余市産)、超バカ旨。オカワリしました。イクラ、牡蠣、バカ旨。〈握り〉馬糞ウニ、穴子、煮蛤、バカ旨。新店舗でのお寿司がいただける日を楽しみにしてます。2013年10月某日再訪夏の訪問がかなわず、秋になってようやく訪問。全体的に高レベルで今回も満足しました。ノド黒(焼魚)、牡蠣(昆布森産)、毛蟹、美味でした。〈握り〉馬糞ウニ、穴子、イクラ(軍艦)、バカ旨でした。煮蛤、タマリマセン。
25,00000002,鮨 さいとう,4.73,東京都内,"￥10,000～￥14,999","￥20,000～￥29,999",485,さて.....この夜は.....ﾁｮｰ楽しみにしていた.....鮨さいとうさんに.....約半年ぶりに.....訪れることができましたぁぁぁぁぁぁぁ～っ！！.....zzz.....ﾊｧﾊｧ.....今回も.....毎晩.....就寝前に.....残日数を.....カウントダウンしていたわけで.....そんな熱意が.....食の神さまに.....伝わったのか.....この夜も.....またしても.....ありがたいことに.....齋藤さんの.....真正面の席で.....その.....ゴロゴロゴロ～ゴロゴロゴロゴロ～ニャォォォゥ～な.....ｶﾞﾁ超絶カッコイイ仕事ぶりの.....一部始終を.....堪能させて.....いただきました.....zzz.....嬉しく.....幸せな.....幸せな.....ひとときでした.....zzz.....いただいたものは.....生ビールとともに.....酒肴新いくらたこ柔らか煮蒸しあわびかつおのたたきほっき貝の炙りうに三種類　手前　あかうに（下関）　　　　　　上左　ばふんうに（余市）　　　　　　上右　むらさきうに（余市）あなごの白焼きながいものわさび漬け鮨ひらめさわら漬けこはだ赤身中とろ大とろあおりいかあじくるまえびいわし海苔の味噌汁あなご太巻きたまご以上です.....zzz.....ごちそうさまでした.....zzz.....食後の.....感想は.....いゃ本当.....訪れるたびに.....予約が.....ますます困難になるとともに.....美味しさも.....さらに進化されているというか.....ますます.....ますます.....超絶美味しくなっているわけで.....もぅね.....糸色　文寸　魚旨　ネ申.....みたいな.....みたいな.....ヤバイにゃ～.....ヤバイにゃ～.....ほんっとヤバイにゃ～.....また行けますように.....また行けますように.....zzz.....ゴロゴロゴロ～(=^・^=)ゴロゴロゴロゴロ～ニャ～オォォォォォォォォォォォォォォォォゥゥゥ～.....zzz.....
26,00000002,鮨 さいとう,4.73,東京都内,"￥10,000～￥14,999","￥20,000～￥29,999",485,Instagram gurumebuta 毎日外食グルメ豚鮨 さいとうさんに再訪しました。今宵も午後8時半からの席です。■頂いたお酒（2人分）☆生ビール×2☆日本酒（一合）×2日本酒はつまみや握りに合う辛口をお願いしました。■頂いたお料理まずはつまみから提供されます。☆甘海老☆煮蛸、蒸し鮑☆鰹のタタキ☆ホッキ貝☆雲丹の食べ比べ 唐津の赤雲丹、余市の紫雲丹と馬糞雲丹☆のどぐろここから握りです。☆鰈☆ムツ☆コハダ☆漬け☆中トロ☆大トロ☆アオリイカ☆車海老☆イワシ☆穴子☆巻き物☆味噌汁☆玉子ご主人の握る鮨は置くと高級車のエアサスのようにスーッと沈みます。（笑）この絶妙なシャリのエアー感が実に素晴らしい！お代は1人3万円強でした。最近の都内の鮨屋は軒並み4万、5万円を超える会計となっています。鮨屋の頂点とも呼べる さいとうさんが、このお値段で提供されているのは実にありがたいです！超予約難になるのも無理はありません。翌年からご主人の予約席の確保が更に厳しくなるようです。いつまでも通い続けたい名店です。次回からも宜しくお願いします。
27,00000002,鮨 さいとう,4.73,東京都内,"￥10,000～￥14,999","￥20,000～￥29,999",485,"言わずと知れたミシュラン３ツ星・新規予約不可能の「鮨さいとう」さんに連れて行ってもらえましたー！昨年、橋場さんカウンターに連れて行って頂きましたが、斎藤さんカウンターは自転車会館以来。念願叶って、感謝です！！頂いたもの。富山の白海老煮蛸と蒸し鮑鰹北寄貝唐津のあかうに・余市のむらさきうに・ばふんふにノドグロここから握りです。ホシガレイくろむつコハダ赤身中トロ大トロアオリイカ鯵車海老鰯穴子太巻き玉子焼き鮪は言わずもがなの美味しさですが（この時期なのにさすが）、くろむつが印象的でした。穴子と玉子焼きもやはり美味しいなぁ。太巻きを夫へのお土産に。斎藤さんのトークも絶好調で、とても楽しいひと時を過ごせました。他力本願ですが、また是非とも伺いたいです。使ったお金：32,000円点数：５点５点：　ぜひ再訪したい！！４点：　機会があれば再訪したい！３点：　再訪してもよい。２点：　一度行けばよいかな。１点：　行く必要無し。"
28,00000002,鮨 さいとう,4.73,東京都内,"￥10,000～￥14,999","￥20,000～￥29,999",485,Instagram Tokyo Rocks久しぶりに斉藤さんの握り！いつもどおりのスーパーバランス。何を食べても美味しいです。今回は黒ムツが旬でこちらで初めていただきました。ここまで安定している高級店は他にないかも。常に一定の美味しいをどのネタでも提供する凄さ。でも一度食べただけでは、なかなか分かりません。やはり数回は行かないと。
29,00000002,鮨 さいとう,4.73,東京都内,"￥10,000～￥14,999","￥20,000～￥29,999",485,Instagram (bottan222) ーーーーーーーーーーーーー2019/07　友人達６名で伺いました、今日は別室ですから握り手は橋場さん、この１年で随分と腕を上げました。まずは 「生ビール」 で乾杯です。最初の一品は 「白海老」、甘くて美味しいです。ここで早くも 「サントリー角のダブルのハイボール」 です、いつも私は ”鮨 さいとう” では白州なんですが、スタッフが間違えて ”角” で作ってしまいました、まぁ＜私は何でも良いのですが(笑)。「蒸し鮑」・・・・・鮑の肝を鮑でサンドイッチしております、鮑だけでも美味しいのですが、これは肝をサンドイッチにしておりますので特別に旨い！。「蛸の柔らか煮」「サントリー白州のダブルのハイボール」・・・・・次はスタッフに念を押して(笑)。「クエ」「ホッキ貝」「のどぐろ　のどぐろの骨のスープで」この３品も美味しかったです。～～～～～　ニギリ　～～～～～「星鰈」「鯵」「鮪の赤身のづけ」「鮪の中トロ」「鮪の大トロ」「サントリー白州のダブルのハイボール」「アオリ烏賊」「黒むつ」「雲丹ご飯　海苔で巻いて」「穴子」「太巻き寿司」鮪三兄弟を始め、すべてが美味しかったですが、特に星鰈、黒むつ、雲丹ご飯が良かったです。「味噌汁」「玉子焼」　一緒に伺った友人の一人が「斉藤さんに何度も握って貰っているが、橋場さんの握りも旨い」と言っておりましたが、それほど橋場さんの腕が上がったと云うことでしょう。あぁ～、今日も美味しかったぁ～～。
30,00000002,鮨 さいとう,4.73,東京都内,"￥10,000～￥14,999","￥20,000～￥29,999",485,2019/7/22再訪月に一度のお楽しみです(^-^)今回は先様の希望により、夜のコースを頂きました。まずはビールで。最初に出てきたのは富山の白海老。美味しい。次に蛸の柔らか煮と鮑の柔らか煮。これ、写真撮り忘れました(^-^;高知の鰹。これ、素晴らしい。雲丹の食べ比べ。佐賀の赤雲丹北海道の紫海胆北海道の馬糞海胆個人的な好みでは赤雲丹。ノドグロの塩焼き。ここから握りに入ります。星ガレイコリコリしながら、少し熟成感がある素晴らしいもの。縞鰺素晴らしいです。小鰭これはもうコメントの必要がない。完璧だ。赤身の漬け中トロ大トロと3つ続きます。中トロが神でした。アオリイカこれも文句なし。素晴らしい。車海老鰺これが最高!まさに悶絶。鰺を握らせたらば、さいとうさんの右に出る人いないかもと思います。煮蛤アラ味噌汁そして穴子太巻きこうやってみると握りは11貫？プラス太巻きと玉子焼き。お得感としては昼の15貫の方が上だけど、やはり夜コースも素晴らしい。8月は1回おやすみ。次回は9月です。待ち遠しい。今日も本当にご馳走様でした!すっかりご馳走になっちゃいました。
31,00000002,鮨 さいとう,4.73,東京都内,"￥10,000～￥14,999","￥20,000～￥29,999",485,「ねぇ、yuちゃんはさ、お鮨が好きなんだよね？行ってみたいお鮨屋さんはどこ？」「それはやっぱり、鮨さいとうさんです」そんな会話を致したのが、春。こんなに早くに幸運が訪れようとは。この度も敬愛なる「みつごとうさん」ご夫妻のお誘いで、僥倖に巡り会えました(๑>◡<๑)♡英語で言うならばUnexpected piece of good luck！つまりはWindfall！たなぼた！(((o(*ﾟ▽ﾟ*)o)))「東京・六本木・鮨・さいとう」さんと言ったら、泣く子も黙る日本一のお鮨屋さん。しかも、さいとう大将の宴。半年おろか、一年以上は新規の空きがないのではないでしょうか。。。たぶん、もう一生、こんなチャンスには巡り合わないのではないか、と私のレーダーが働き、この上ない幸運なお誘いに有り難くご一緒させていただきました♡初めてお会いした大将は、想像以上にお若く、ちゃきちゃきの江戸っ子といった佇まい。みつごとうさんと明るく軽口を叩き合っていると思いきや、見事な握りで捨てシャリもしません。全く無駄な動きが無く、目が離せません。お弟子さんとのコンビネーションも完璧で、多くは発せずとも、まさに阿吽の呼吸。堅苦しいどころか、常連さんに囲まれ、始終にこやかに穏やかにリラックスされた空間で贅を尽くしたお鮨を華麗に振る舞う大将のお姿に、もはや夢心地。心していただきます♡⚫︎白海老・九頭龍(福井)すっきりと繊細な味わいはお鮨に合います。黒龍酒造によるもうひとつのブランド。北陸を代表するお酒ですね。⚫︎鮑 たこ⚫︎ケンケン鰹(高知)もちもちとした食感。旬の鰹のタタキならば、やっぱり土佐♡⚫︎赤ウニ(唐津)ムラサキウニ(北海道)バフンウニ(北海道・浜中かな)⚫︎のどぐろ(壱岐)火入れが完璧。脂が良く乗ってジューシィ。ここから握り↓⚫︎ホシガレイのっけから上等の白身にノックダウン！⚫︎黒ムツ⚫︎こはだ美味しい！しか出てきません。⚫︎鮪⚫︎トロ⚫︎アオリイカ⚫︎車海老(大分)⚫︎鯵(島根)これは。。。旨し！！⚫︎煮蛤ツメが濃すぎることなく、品があります。ふっくらと美味しい！！⚫︎穴子お上品！⚫︎椀シンプルな赤出汁に微かな魚介ダシ？葱が爽やか。⚫︎玉巻き物シャリは柔らかな赤酢。色味はほんのり程度。好みの硬さ具合。はらりとほどけ、お口の中で粒が立つシャリ。温度もネタごとに微妙に違います。私にとって欠かせないガリ♡新生姜を使い、やや浅く塩・酸味強め。美味しいですが、粒が小さめ。気をてらうことなく、至ってシンプルな王道を貫く姿勢は圧巻です。東京の人気店でしたら3万円超えも当たり前の鮨バブル最中。大変リーズナブルなお値段設定に、大将の心意気を感じます。ご馳走さまでした。大変、美味しゅうございました(o^^o)このような宴にお誘いしていただきまして、本当にありがとうございました。綺麗な奥様と肩を並べて、盃を交わし合うに相応しい美しいお鮨。。。束の間の幸せでした♡
32,00000002,鮨 さいとう,4.73,東京都内,"￥10,000～￥14,999","￥20,000～￥29,999",485,"友人が予約を取ってくれたところに飛び入りで参加してきました。こちらのお店は移転前前から通っていますが、最近は半年に1度程度の予約のみになってしまったため、すっかり足が遠のいてしまっています。お弟子さんが握るのならともかく、斎藤氏ご本人に握ってもらうのは本当に困難になってしまったからです。斎藤氏のお鮨はもう世界レベルで認知されてしまったので今さらどうこうは申し上げません。私が『かねさか』系のお鮨が好きとうのもあるかもしれませんが、素晴らしい、さすがの一言。こう申し上げると「え？孤高のグルメさん、鮨わかってないの？」などと思われるかもしれませんが、私はかねさか系の握り鮨ではこはだや鯵（あじ）とまぐろ赤身の漬けが好きなんですよね（これはかねさか系のお鮨をよくご存じの方はお分かりだと思います）。スタッフの対応もこれだけ繁盛しているにも関わらず驕り高ぶらず及第点レベルでちゃんとしています。難点は行きたい時に行けないというのと立地が今の自分の行動範囲にないという、ただそれだけ。御本人にも人望があるからでしょう、お弟子さん達もしっかり育って独立されていっていらっしゃいます。これはお鮨屋さんあるあるですが、こと握り鮨においてご本人とお弟子さんが握るお鮨が同じ価格帯というのは、私はいつも疑問です。限りなく無駄を削ぎ落すからこそ、その引き算の美学が際立つお鮨ほど、ネタが同じでもシャリのレベルにおいて握り手によって大きく変わるからです。これは銀座『いわ』でも同様です。まー、そういうとロブションなどの有名フレンチなどでも同じなんですけどね。お弟子さんのも充分美味しいのですが、『いわ』オーナーの岩 央泰氏の握りの技術は本当にすごいのでやはり味覚が敏感な方は御本人に握ってもらいたいところです。最近は若くしてあまりの高みに上り詰めてしまったが故かシャンパーニュとマリアージュが楽しめる同系列の別店舗『いわ815』にいらっしゃいますが、また戻ってこられることでしょう。鮨『いわ』で握る岩さんの握りは「握り」単体だけなら都内随一ではないでしょうか。私自身が会社経営をしているからでしょうか、個人的にはずっと現場に立ち続ける気概を持っているオーナーシェフのお店が好きです。>今から色々と鮨デビューされたい方には？グルメスタンプとして行っておきたい気持ちはとてもよく理解できますが、かといって仮に行けなくとも不必要なコンプレックスは感じなくて良いと思います。私の場合は定期的にいく機会に恵まれているので伺いますが、そうでないのなら、今は世界的な鮨ブームということでどんどん各名店のお鮨屋のお弟子さん達が独立されて、価格帯を少し下げて頑張っていらっしゃいますので、お金という限りある資源を有効に使いたのなら、若い方々には自分が好きなエリアで名店から独立した将来性のある鮨屋に何度も通って、所作や味覚を鍛えることをお勧めしたいです。魚は生もの。同じ名称の魚でも総て異なります。味覚の鋭い常連に良い部分を出してくれるのはこれは「差別区別」ではなく「人情」というものです。グルメスタンプとしてまわりたいという方は既にこちらにオンリストされている顧客以外は、特にご自身もこれから頑張っていこうと思われている若い方には、自分がよく利用するエリア内にある将来の名人となる方が頑張っている鮨屋と自身が一緒に育っていくという喜びも味わって頂きたいなと思います。いずれにせよ、鮨『さいとう』は相変らず世界レベルで美味しいと思います。※まずはランチの10,000円のコース＋追加からの帰り際に次回の夜の予約というパターンもアリ。"
33,00000002,鮨 さいとう,4.73,東京都内,"￥10,000～￥14,999","￥20,000～￥29,999",485,この日は久々の鮨さいとうへ(*･ω･)ﾉ今回はちょっと特別な会。普段こちらはワインを合わせる様な事は無いらしいのですが、今回は鮨にワインをマリアージュさせる趣旨でした。橋場さんの席でしたが、最近はツマミなどは橋場さんの裁量の範囲が広がっているそう。以前来た時より格段に美味しくなっていましたね〜〜。鰹の皮目がパリッとしてコントラストが素晴らしい。煮ハマグリも上品な味わい。斎藤さんの席よりこちらを推す人もいる理由が分かりました(*･ω･)ﾉ今回のメニューつまみ⭐️白海老⭐️タコ⭐️アワビ⭐️鰹⭐️煮ハマグリ⭐️のどぐろ白湯⭐️漬物、ガリ握り⭐️ヒラメ⭐️いさき⭐️コハダ⭐️赤身⭐️中トロ⭐️大トロ⭐️イカ⭐️車海老⭐️アジ⭐️雲丹⭐️穴子⭐️巻物⭐️玉子
34,00000002,鮨 さいとう,4.73,東京都内,"￥10,000～￥14,999","￥20,000～￥29,999",485,六本木の【鮨 さいとう】さんに伺いました。地下鉄六本木一丁目駅の3番出口を出て目の前のエスカレターで1階に上がると左手にお店はあります。今回も斎藤さんのお席でつまみからにぎりのおまかせを頂きました。つまみ○白海老　富山産。　生姜醤油で頂きました。　ねっとり甘くてとても美味しい。○蒸し鮑　大原産。　うま味濃厚。余韻も素晴らしい。○蛸　佐島産。　弾力のある食感。　噛めばうま味が溢れます。○カツオ　気仙沼産。　皮目カリッと脂が乗ってうま味が濃く美味しい。☆ウニの三点盛り○バフンウニ　余市産塩水ウニ。　とろけてうま味が口に広がります。○ムラサキウニ　余市産。　甘味が濃かった。○赤ウニ　唐津産。　濃厚なうま味があり最高でした。○のどぐろ焼き　高知産。　とろけてジュワーと脂が溢れます。　安定の美味しさ。　にぎり●ホシガレイ　岩手産。　昆布〆。　香り良くうま味が濃く余韻が長く堪らない美味しさ。●シマアジ　出水産。　軽く漬けにして握られる。　脂が乗って香りとうま味が素晴らしかった。●コハダ　〆具合最高。　脂があって酸味と甘味のバランス良く絶品。●赤身漬け　六ヶ所村産92㎏のマグロ。　ねっとりした舌触り。　香りと酸味がある味わい。●中トロ　上品な脂の味わい。うま味は濃厚。●大トロ　うま味が濃く抜群に美味しい。●アオリイカ　山口産。　塩とすだちで握られる。　ねっとりして程よい食感あり。　甘味が溢れます。●車海老　大分産。　茹で立てでベストな温度で握られる。　海老味噌の風味とコクのある味わいが、車海老の甘味を引き立てていました。　大好きな味わいです。●アジ　島根産。　脂の乗り、うま味、共にパーフェクト。●トリガイ　三重産。　生姜を挟んで握られる。　サイズは小さかったが香り抜群。　名残のトリガイだがうま味も素晴らしく絶品。●煮はまぐり　鹿島産。　煮詰めにすだちを合わせる。　低温でじっくり煮込まれたと思われます。　すだちではまぐりのうま味に爽やかさが加わり最高に美味しかった。○味噌汁●穴子　ふわとろ。　煮詰めの味わいも素晴らしく、穴子のうま味を引き立てとても美味しい。●トロたく巻き　たくわんとマグロの脂が見事に融合。私が一番美味しいと思うトロたく巻きです。●太巻き　穴子、車海老、干瓢、椎茸、キュウリが巻かれる。●玉子焼きこれで一通り追加●干瓢巻き　干瓢はザクザクとした少しだけしっかりした食感。　香り良く干瓢の味付けも好み。　海苔も美味しい。飲み物□生ビール■日本酒(おまかせで頂きました)　九頭竜(福井)　日高見(宮城)この日も素晴らしく大満足でした。夏場定番のウニは安定の美味しいさ。にぎりも大満足。全て美味しくて素晴らしかったが、中でもアジが最高でした。ホシガレイ、シマアジ、コハダ、車海老、煮はまぐりも絶品。名残のトリガイも香りが素晴らしく秀逸な味わいでした。斎藤さんとの会話は楽しく、お店の雰囲気もいつも通りとても良かった。この日も美味しくて楽しい時間が過ごせ、とても幸せでした。美味しかったです。ごちそうさまでした。
35,00000002,鮨 さいとう,4.73,東京都内,"￥10,000～￥14,999","￥20,000～￥29,999",485,常連さんである、友人さまにお願いして、連れてってもらいました！(^^)いつもいつも、ありがとうm(_ _)mお料理はつまみと握りが付いた、おまかせコースで！なかなかくる事が出来ないお店なので、じっくりいただきたいなとｗ雲丹の産地違い食べ比べには、思わずうっとりです♡握りはやはり、名古屋では食べられない。大将が握って、置くと・・・　スッと沈む・・・毎回これを見るたび、すごいなぁ～と、感動いたします。いただくと、酢飯がほろりとほどけるこの感覚は、なかなか味わえませんね。美味しかった～(T^T)毎回毎回、これを食べるために仕事を頑張っているのだと実感しますｗいつもありがとう～m(_ _)m連れてきてもらった友人に本当に、本当に、感謝です。大将にも、感謝☆ありがとうございました。
36,00000002,鮨 さいとう,4.73,東京都内,"￥10,000～￥14,999","￥20,000～￥29,999",485,ネタの切り付け、寝かせ加減、提供直前の温度のコントロールからシャリの塩分と酸味の加減まで、細部にまで目が行き届いたバランスの良い握りは日本有数。美味しいのはもはや当たり前として、いつもながらに思うのは、齋藤さんの所作の美しさ。まるで舞踏のパフォーマンスを観ているかのように無駄がない包丁捌きで切り揃えられ整然と並べられたネタは輝きを放ち、まるで芸術作品のよう。無駄の無い所作と少ない手数から生み出される握りの姿も美しい。更に、一貫一貫のクオリティの高さもさることながら、握りごとの食感や温度などの違いを踏まえ、コントラストを活かした全体の流れの構成が素晴らしい。ここ3年ほど月1〜2回ペースで通っているが、同じ季節でネタがほとんど同じでも個体や熟成加減は必ず異なるので、毎回新しい発見があって飽きない。私の中の鮨のスタンダードであり、現代の江戸前鮨のスタンダードと呼びたい名店。
37,00000002,鮨 さいとう,4.73,東京都内,"￥10,000～￥14,999","￥20,000～￥29,999",485,2019.6月下旬超グルメな友人に「行ってみたいお店はありますか？」と聞かれたので、僕は迷わず「鮨さいとう」です！と答えました。すると、「そこならなんとかなるかもしれません！」というので、期待せずに連絡を待っていたら、なんと、本当に行けることになりました（嬉）念願の「鮨さいとう」、いくら電話をかけても通じないし、予約は不可能だと諦めていたんですが、常連の伝手を頼るという方法がありましたね（笑）店の中に入って、しばらくすると、齋藤さんが「今日の客層は、凄いですね！」というので、まわりを見渡してみると、大物芸能人を多数起用した豪華なコマーシャルに出ていた女優や、週刊誌でも度々取り上げられる超優良企業の社長に元超大物政治家の娘という異色のグループ。はたまた、京都の有名店の料理人やら、雑誌でみたことのある料理評論家がずらり（汗）お願いして連れて来てもらった方も、食のスペシャリストとして有名な方ゆえ、当日のお客さんとほぼ知り合いという凄い状況でした。僕は、こんな凄いメンバーの中にあっても、僕を齋藤さんの真ん前の席に座らせてくれるという、友人の素晴らしい配慮に感激しきり。店内に入って、しばらく女優に見とれていたのですが（笑）意識を齋藤さんの方に集中させました。親方の齋藤さんは、無駄の無い動きで手数を少なく素早く握るので、写真を撮るタイミングを掴むのが一苦労。早くて美しい仕事は、ある意味、職人芸を見ているかのようです。端正な握りは、シャリとネタのバランスも完璧だし、欠点らしい欠点がひとつもない。いくら有名店といえども、ここをこうすれば完璧なのになぁーと思うことが、ひとつやふたつはあるものですが、ここに関しては、全くそうゆう点が見当たりませんでした。心地のいい話術で皆を魅了する齋藤さんは、振る舞い酒で高級シャンパンを全員に提供したりと、サービス精神もかなり旺盛（笑）「鮨さいとう」に訪れた誰もが皆、旨かった！と満足して、食べログで高得点を付けるのも納得です。やはり、持つべきは食通の友人ですね！
38,00000002,鮨 さいとう,4.73,東京都内,"￥10,000～￥14,999","￥20,000～￥29,999",485,この日は、六本木の『鮨さいとう』さんへ♪6月を楽しみにやってきました。 (酒肴)白海老蒸鮑○○&煮蛸○○桜鱒焼き 赤海胆(徳島)・ 馬糞海胆(余市)・紫海胆(余市)咽黒焼き○(握り)真子鰈○縞鯵漬け○○ 小鰭○鮪漬け○中とろ◎大とろ泥障烏賊車海老鯵○鳥貝煮蛤○煮穴子◎太巻玉◎お椀楽しいディナーになりました♬ (*'ω'*)－－－－－－－－－－－－－－－－－－－－－－この日は、『鮨さいとう』さんへ♪(握り)鮃○鰆漬け○小鰭縁側○赤身○○中とろ◎◎ 脂がキレイ♪大とろ○墨烏賊○車海老白海老桜鱒○ 珍しいね！鯵紫海胆○穴子○太巻○お椀玉◎ 仕立てが変わってきました♡若布と大根の酢の物 糖質取り過ぎ！！ (๑>◡<๑)---------------------------------------------------------------------------この日は、時間があったので、『おすし行脚』に出る前に、六本木の『鮨さいとう』 で体を馴らしましょう♪（握り）松川鰈◎上品ななかにも濃厚な白身の旨味。厚めの切り付けが旨味を演出☆鰤漬け小鰭赤身漬け中トロ○大トロ 少しスジっぽいですね。墨烏賊○ 身厚!車海老青箭魚漬け○○此方では珍しい1貫。トロンとした舌触りと爽やかな旨味☆鰹燻し○鯖寿司○○鯖自体が美味しすぎて、若干バランスが崩れているような。白海老○シャリから溢れんばかりの白海老。よく握れるな～と感心☆いくら軍艦○しっかりと醤油漬けにしたいくらもイイのですが、此方のいくらのように旨味と甘味が半々というのもまた良し!鯵馬糞海胆軍艦○穴子(ツメ)○とろたく手巻き◎鮪がみっちり。鮪と海苔の旨味が相まって、何とも言えません♪さりげなく沢庵の食感がアクセント☆玉○お椀若芽&大根さすがの安定感です～(*´∇｀*)----------------------------------------------------------------------------この日は、『さいとう』さんでお鮨♪夏を握ってもらいましょ☆(握り)星鰈○　上品な☆縞鯵○小鰭◎◎　唸ります☆赤身漬け○　う～ん、夏まぐろ♪中とろ○大とろ泥障烏賊○○鯵◎　さいとうさんの真骨頂☆車海老○白海老○鰹○小柱○鰯◎　この鰯と鯵があれば♪海胆穴子○太巻き玉○○若布&茗荷お椀夏を堪能♪-・-・-・-・-・-・-・-・-・-・-・-・-・-・-・-・-・-・-・-・-・-・-この日は、『鮨さいとう』さんへ～☆春の装いです♪（酒肴）白魚(生の沖漬け風)軽く漬け込みにした白魚。初春の風物詩。毛蟹○○丁寧にほぐされた毛蟹。その旨味に頬が緩みっぱなし。子持ち槍烏賊○甘めに仕上げた子持ち槍烏賊。この時期外せません。喉黒焼き○脂がジュワ～。（握り）鮃◎肉厚な鮃。その旨味がシャリに乗っかっています。金目鯛昆布〆◎何故かとても美味しく感じた1貫。鰤漬け○○時期が時期なだけに、望外のキレイな脂。小鰭(佐賀)赤身(那智勝浦 230㌔オーバー)○中とろ大とろ○墨烏賊○○歯切れあり。白海老車海老春子めじ鮪○鳥貝(愛知)○季節ですね～。甘味も出てきました。紫海胆穴子(ツメ)○太巻○海老・穴子・玉・干瓢・胡瓜・胡麻が入って、『さいとう』の具がたくさんなのが嬉しい。玉○プリンプリンのプリン。満足♪満足♪-・-・-・-・-・-・-・-・-・-・-・-・-・-・-・-・-・-・-・-・-・-・-・-・-・-・この日は、『さいとう』さんへ♪新年のご挨拶に☆（ 握り）鮃○鰤漬け(氷見)小鰭(佐賀)○赤身(大間 200㌔)○中とろ○大とろ○○墨烏賊○車海老鯖寿司◎◎白海老○小柱鮃 縁側○鯵○海胆穴子(ツメ)○○太巻○　玉◎お椀若布と大根の酢の物 安定の美味しさが此処にあります☆-・-・-・-・-・-・-・-・-・-・-・-・-・-・-・-・-・-・-・-・-・-・-・-・-・-・この日は、恒例の『さいとう』さんへ♪11月のお鮨を～。いつものように親方に握ってもらいましょう☆（握り）松川鰈○鰤漬け(函館)◎綺麗な脂♪この時期が良いですね☆小鰭(天草)◎◎ じんわりと溢れる小鰭の脂に〆具合も抜群!!赤身漬け○○中トロ◎◎冬まぐろの妙☆大トロ◎◎墨烏賊○白海老○車海老蝦蛄(小樽)鰹いくら○鯵○馬糞海胆鯖寿司(青森)◎穴子(ツメ)○○穴子も美味しかったな～(*´∇｀*)海苔巻(穴子・干瓢巻・海老・胡瓜)○○何の変哲もない海苔巻にも凄みが♪玉◎お椀若芽&大根べったらまた次回が楽しみですね♪－－－－－－－－－－－－－－－－－－－－－－暑くなってまいりました。『鮨 さいとう』さんで一休み♪真子鰈縞鯵○○伊佐木小鰭○赤身（漬け・那智勝浦)○中トロ○○大トロ墨烏賊車海老鰹○白海老○鯵紫海胆（軍艦・青森）○煮蛤○穴子（ツメ)若芽&茗荷玉○○干瓢巻き(ハーフ)お椀（17-06）変わらぬ美味しさがここにあります。ー・ー・ー・ー・ー・ー・ー・ー・ー・ー・ー・ー・ー・ー・ー・ー・ー・ー・ー・ー・ー・この日は、『鮨 さいとう』さんへ♪定点観測です☆鮃/金目鯛○/小鰭○○/漬け(那智勝浦 201㌔)○/中とろ/◎大とろ/墨烏賊/細魚(朧)○○車海老○○/鰹/白海老○/鯵/蛤○○/海胆○/穴子(ツメ)干瓢巻き○玉◎お椀/若芽&大根変わらずの充実感です☆（17-04）■この日は、『鮨 さいとう』さんへ♪（酒肴）白魚/鮟肝○○/鮑&蛸桜煮◎/鱈白子/鯖寿司○/子持ち槍烏賊/毛蟹○/喉黒焼き○（握り）鯛○/鮃昆布〆○/漬け○/小鰭(天草)○○/赤身漬け(宮崎)○/中トロ/大トロ/墨烏賊/車海老○○鯵○/鳥貝(愛媛)○/馬糞雲丹(根室)/穴子(つめ)○かんぴょう巻/玉○○/お椀（17-02）抜群の安定感♪また、次回ですな☆よろしくお願い致します♪ (*´∇｀*)□2016.11この日は、『鮨 さいとう』さんにて☆松川鰈○鰤漬け小鰭(静岡)○細魚赤身(大間)○　脂は全くですが、余韻はなかなかのもの☆中トロ○大トロ○墨烏賊○○車海老鰹(対馬)◎ キレが素晴らしいですね♪鯖寿司◎　この日は、これ！！驚愕の旨味❤鯵○いくら○馬糞雲丹穴子（ツメ）○○かんぴょう巻○○玉○○　ひんやり玉子多めのプリン❤お椀若芽&大根また、次回が楽しみですね♪■2016.6この日は、『さいとう』さんにて定点観測♪（酒肴）赤海胆（愛媛）○大原鮑○蛸（佐島）◎◎　まさしく旨煮！鰹漬け○平貝磯辺焼き咽黒焼き物○水茄子　夏の清涼★（握り）新子(静岡)　4枚で付けて★赤身（塩釜120㌔）○　早くも冬の様相。中トロ大トロ○○星鰈金目鯛小鰭○墨烏賊○鯵(出水)○　やっぱり出水だね～♪車海老雲丹軍艦穴子◎干瓢巻玉子○お椀この日、印象に残ったのは、なんと言っても、新子。はしりを味わう喜び。ただ、若干、はしり過ぎの感はあり、身の状態を考えると酢もほぼ当てられないのだろう。そっけなさは否めないものの、季節を食す喜びに幸甚の思い。軽く頷くも、大げさに喜ばないこの日のお客の皆さんはさすが。一番美味しい時をよくご存じ。この客間でいただく鮨はまた格別。□2016.2今年最初のさいとうさんへ♪【握り】鮃○○/金目鯛昆布〆○/鰤○○/小鰭○/赤身○○/中とろ○○/大とろ○○/墨烏賊○/車海老○/白海老○/鰹○/鳥貝/鯵○/海胆/穴子（つめ）◎干瓢巻　玉＆お椀＆若布と大根の酢の物鮪がだいぶ落ち着いてきましたね☆この日は島根・定置・U100また次回。。■2015.12さて、今年最後のさいとうさんへ☆【握り】鮃○/鰤漬け◎◎/小鰭◎/赤身○○○/中とろ◎◎/大とろ◎◎/墨烏賊◎/車海老/いくら○/鯖寿司○/鰹/鯵/海胆/穴子（塩）○/穴子（つめ）○干瓢巻　玉＆お椀＆若布と大根の酢の物今年もお世話になりました。。□2015.10二ヶ月ぶりのさいとうさんへ♪【握り】鮃◎◎/金目鯛◎◎/小鰭○/赤身◎◎/中とろ◎◎◎/大とろ◎◎/墨烏賊○○/車海老○○/いくら○/鰯○/白海老○/鰹○/鯵○/海胆/穴子（つめ）◎◎干瓢巻○　玉＆お椀＆若布と大根の酢の物わぁー、凄いですね、ほぼ全部満足という結果♪この日も色々と話に花が咲きましたよ～❤□2015.8う～ん、お久しぶりですネ★【本日の珠玉の１貫】2015/8　鰯の握り　綺麗な脂に旨みと香りのバランスの良さ、天才職人によって最上級の１貫となっています。。【酒肴】水貝◎鮑＆蛸桜煮○○鰹漬け○海胆ごはん穴子白焼き◎◎毛蟹の酢の物○【握り】鯛○金目鯛○漬け○○中とろ○○大とろ○○新烏賊○新子○車海老鰯○○真鯵紫海胆穴子（塩＆ツメ）○○干瓢巻玉子○○/お椀この日も充実してました～♪■2015.3この日は、久しぶりのさいとうさんへ♪♪【握り】鮃○鰤小鰭○○　程よい〆具合♪赤身○中とろ◎　綺麗な脂☆大とろ墨烏賊○車海老○小柱○○鯖棒寿司○　たまの棒寿司もいいですね～鯵○　良い時の、さいとうさんの鯵は日本一だと思います♪　今回も納得の出来♪蛤○○海胆穴子(塩&ツメ)○とろ鉄火巻◎　美味しいですね～☆若芽&大根　玉　お椀□2014.7王道の15貫で！！そして、お茶です。【握り】星鰈○/金目鯛昆布〆◎/小鰭◎/漬け○○/中とろ◎/大とろ/泥障烏賊◎/車海老/鰹/鯵○/鳥貝○/小柱○/馬糞海胆◎○/穴子（塩）◎◎/穴子（ツメ）◎◎/鉄火巻○　お椀この日はこちらではあまりいただいたことがない『星鰈』『金目』『鳥貝』がいただけて良かった☆☆また、涼しくなったらおじゃまします。■2014.3移転後、初めて寄らせていただきました♪【握り】鯛○/鮃縁側昆布〆◎◎/小鰭◎◎/漬け/中とろ◎◎/大とろ◎◎/墨烏賊◎◎/白海老◎/車海老/鯖棒寿司○/鯵◎/大星軍艦◎/馬糞海胆/蛤◎/穴子（ツメ）○/かんぴょう巻　　・蜆味噌汁＆玉子この日は鮃から墨烏賊までが幸福の時間帯♪♪でも、鯵も大星も良くて。。素敵な時間に感謝です☆★□2013.10【酒肴】生いくら◎　（今年一番かも…）蒸し鮑＆煮蛸○　（きちんと鮑と蛸のお味が引き出されていますね☆）小柱串焼き鰹毛蟹○　（風味が上手に蟹身に纏わされています）昆布森の生牡蠣○　（ミルキーでいて、後味スッキリ）穴子白焼き◎◎　（肉厚で押返す力強さ）【握り】鯛○/鰤/小鰭○/赤身漬け○/中とろ○/大とろ/墨烏賊/車海老/鯵/海胆/穴子（塩）◎/穴子（ツメ）◎玉○＆蜆味噌汁新しいお店に伺える日を心待ちにしています☆■2013.6久しぶりに、さいとうさんの握りをいただきに来ましたよ☆鯛○縞鯵○小鰭○赤身ヅケ○中とろ◎大とろ◎墨烏賊○白海老○車海老鰹◎鯵◎鳥貝○馬糞海胆穴子（塩）◎穴子（ツメ）◎かんぴょう巻○若布＆茗荷・味噌汁初夏の鮪の香りはもちろん、この時季としては旨味もなかなかです。いつも気になるかんぴょう巻の断面もこの日は綺麗にできていて、全体的に満足度の高いものでした♪□2012.9【握り】真子鰈◎縞鯵○小鰭赤身ヅケ○中とろ○大とろ墨烏賊◎白海老○車海老鰹鯵いくら馬糞海胆軍艦穴子塩○穴子つめ○かんぴょう巻若布＆茗荷・味噌汁特別に、『これ！』というものはありませんでしたが、さいとうさんの変わらぬ姿勢を拝見でき、何よりでした☆■2012.3茗荷＆大根酢の物→/ひらめ○/縞鯵/小鰭◎/墨烏賊◎/ヅケ○/中とろ/大とろ/車海老◎/白海老◎/小柱/〆さば○/鯵○/馬糞海胆○/穴子（塩）◎/穴子（つめ）◎/鉄火巻/ →浅葱入りのお味噌汁鮪が難しい時期に入ってきましたね～。いつも絶品の鯵も大人しくて。。それでも食後感の良さはさすがです♪今日がいままでで一番沈んでました☆■2011.11【握り】鮃○鰤◎小鰭◎赤身ヅケ○中とろ◎◎大とろ◎◎墨烏賊○白海老◎◎車海老◎○〆鯖◎鯵◎◎いくら◎馬糞海胆○穴子塩◎穴子ツメ◎かんぴょう巻き◎若布&大根味噌汁この日良かったのは、鮪。特別鮪に喜びを感じない私もこの日の出来にはびっくり♪今回で確信しました、鯵はこちらのお店のが一番好きです。秀逸ですね♪この日のお客さんは年齢層も高く、雰囲気も良く、本当に良店ですね。。■2011.9若布&茗荷椀お任せにてstart♪【握り】真子鰈◎嶋鯵◎小はだ◎赤身ヅケ○中トロ◎大トロ◎墨烏賊◎ 白海老◎◎ 車海老◎ 鰹○ 鯵◎◎◎ 小柱○馬糞海胆◎穴子(塩)◎穴子(ツメ)◎◎鉄火巻◎ ずらっと書いてみて気づいた事。。◎や○が多いですね!食後の充実感は凄い♪
39,00000002,鮨 さいとう,4.73,東京都内,"￥10,000～￥14,999","￥20,000～￥29,999",485,鮨さいとう六月訪問橋場氏の席ハイボール　すだち搾りで乾杯つまみ◎しらえび◎佐島のたこ　柔らか煮　あわび　肝ソース◎ますのすけ　炙り◎はまぐり　木の芽日本酒　新政　冷や　1合◎のどぐろ　煮付け◎なす　がり口直しここから握りに移行◎まつかわかれい◎しまあじ◎こはだ握りに合わせて、熱燗九頭龍　1合◎まぐろ　赤身漬けみごとなまぐろ◎ちゅうとろ◎おおとろ◎あおりいか熱燗　九頭龍　1合　追加◎車海老◎あじ◎くろむつ◎雲丹◎あなご◎太巻き◎味噌汁◎たまご熱燗　九頭龍　1合　追加ハイボールに、日本酒4合握りでは、特に「あなご」素晴らしかったです。ごちそうさまでした。
40,00000003,鮨 なんば 日比谷,4.72,東京都内,"￥20,000～￥29,999",-,140,本当に念願のなんばに先輩と会食にて訪問。落ち着いたテイストの内装には神聖さすら感じる。つまみから握りの流れで握りは15貫。握りはシャリの温度、ネタの温度、更にはシャリの大きさが全て個別に管理されており手に持った時に最高潮に美味い状態になっている。合わせて頂くお酒は日本酒でもワインでもかなり高い相性になっており凄いの一言に尽きる。牡丹海老のつまみは殻とみそを炒ったペーストが乗っており、食感も風味も絶妙。鮟肝はわさびで頂く部位とペーストをトーストに乗せて頂く部位と二回。初めて食べる感動の味。秋刀魚は肝醤油で頂く。皮はパリパリ、身は刺身で火入れの技術が素晴らしい。最高に美味い。いかの握りは粘度と切り方が他店とは圧倒的に違いとてつもなく美味い。鯖の握りはあぶらの風味をかなり感じるのにさっぱりしており、これは温度と切り方の極み。初めての訪問であるがここまでこだわった寿司は頂いたことが無く、他店とは一線画す別の食物の様に感じた。
41,00000003,鮨 なんば 日比谷,4.72,東京都内,"￥20,000～￥29,999",-,140,先月のお弟子さんランチコースぶり。﻿今回はお友達を連れて。﻿拘りがハンパじゃない難波さん﻿今回も感動〜﻿粒は大きいが皮は柔らかいイクラに、﻿毎回汁まで飲み干すキンキ煮付、﻿贅沢に半分以上身欠いてしまう鮟肝、﻿パリパリの穴子も最高♫﻿握りは小ぶりだけど、﻿インパクトのあるシャリ。﻿以前よりパンチが増した気がする。今回は雲丹が無い代わりに、﻿大間の鮪4種♡カマトロ炙り美味しかった〜﻿とどまるところを知らない難波さん﻿次回も更にまた﻿進化しているんだろうなぁ。ごちそうさまでした！ーーーーーーーーーー﻿﻿いただいたもの﻿↓↓↓﻿﻿【おつまみ】﻿魚の出汁スープ﻿(クエ・平目・キンキ・カワハギ)﻿﻿★北海道イクラ﻿柚子の皮﻿粒は大きいが皮は柔らかい﻿﻿蛸柔らか煮﻿水と酒だけ﻿﻿★ボタン海老﻿北海道増毛﻿﻿★キンキ煮付﻿北海道網走﻿﻿★鮟肝﻿贅沢に身欠いたもの﻿﻿★厚岸シシャモ﻿﻿酢締めした帆立﻿塩締めした小柱﻿胡瓜﻿柿のソース﻿﻿★鮟肝ペーストパン﻿﻿★対馬穴子﻿40分遠火で﻿﻿【握り】﻿佐賀呼子白いか﻿酸が強いシャリなので﻿イカはシャリを小さめに﻿エアリーに握って﻿﻿皮剥﻿横須賀﻿鮮度が命(昨日とれたもの)﻿肝と葱をかませて﻿﻿★鰯﻿北海道﻿﻿車海老﻿山口県宇部市﻿しっかり目に握った沈まない鮨﻿﻿ホッキ貝﻿北海道長万部﻿さっと湯通し﻿裏返して甘みを出す﻿﻿★春子﻿鹿児島県出水﻿軽く昆布締め﻿﻿★鯖﻿京都舞鶴﻿﻿★鰹﻿北海道襟裳岬﻿玉ねぎみじん切りをかませて﻿﻿鮪は全て同じ個体﻿大間﻿延縄214kg﻿8日目(やま幸で6日)﻿﻿赤身漬け﻿漬け3分﻿﻿★中トロ﻿﻿★大トロ﻿﻿★カマトロ炙り﻿﻿★小肌﻿黄身おぼろ﻿﻿宮城蝦夷鮑﻿﻿穴子﻿﻿玉﻿﻿★鮪太巻(追加)﻿﻿
42,00000003,鮨 なんば 日比谷,4.72,東京都内,"￥20,000～￥29,999",-,140,OMAKASEのウェブサイトで奇跡的に予約が取れました！神に感謝です！！この日は平日のランチだった為、大将の難波さんでなく二番手の方の握りでした。もともと阿佐ヶ谷の店舗でも予約困難店だった訳ですが、日比谷に新しくできても難波さんの予約は至難の業みたいです。因みに阿佐ヶ谷は難波さんの弟子に全て任せているそうです。二番手の方が板の前に立ち、難波さんは裏方に回りますが、ネタの説明などは難波さんがします。二番手の方は勉強と経験を積ませる為の場として設けているのでしょう。さて、つまみが4品来て握りとなります。蛸いくらあん肝最中のどぐろ調味料を使用せず柔らかく煮込まれた蛸、北海道士別のいくらは皮が柔らかく口の中で弾けます。あん肝最中はあん肝に刻んだ玉葱、人参、セロリを加え、血臭さは辛子で消しています。これは斬新な一品で酒が恋しくなります。そしてのどぐろは、蒸して果実のポン酢で頂きます。強めの酸味と脂の乗ったのどぐろの相性が素晴らしい！そして握りは。白烏賊鱸車海老ほっき貝春子鯖鰹鮪  赤身鮪  トロこはだ雲丹穴子干瓢巻きお椀玉3日間寝かせた烏賊は弾力があり旨味が凝縮されており、5日間寝かせた鱸、歯応えと甘みが増した車海老。ネタによってシャリの大きさや握りの硬さ加減を変えています。酢で〆て冷凍した鯖、臭みが全く無い鰹、2分漬け込んだ鮪の赤身、ふんわりとろけるトロ。トロは口の中でシャリとの溶け具合を良くする為に多少高めの温度で握ります。ラストスパートは北海道浜中の雲丹。これも一瞬にして溶けます！長崎県対馬の穴子。これもふわっととろける美味しさ！最初から最後まで感無量の一言！！二番手の方と言えども、難波さんに認められただけあって充分満足出来ました。「前日の余り物を使用したり、冷凍物を利用したりするお店がありますが、ウチはランチでも一切妥協せず、夜と同等の物をお客様へ提供します」難波さんの志！！見習います！！いつか難波さんの握りも頂く為、予約争奪戦へ挑みます（笑）
43,00000003,鮨 なんば 日比谷,4.72,東京都内,"￥20,000～￥29,999",-,140,存在感がどんどん高くなっている『鮨なんば日比谷』さん。今回も期待に胸を膨らませての訪問です。スタートはこの季節らしく北海道士別市から朝届いたイクラ続いて酒と水だけで炊き上げた香り高いタコ 甲羅とミソで旨さでエビの良さ全てが味わえるボタン海老 網走産のキンキを使った究極の煮付け磨ききったあん肝外したあん肝を使ったペーストのおつまみ愛知県師崎の海苔の美味しさもたまらない〆たイワシ巻きパリッと仕上げた対馬産のアナゴ握りはいつもの様にイカからスタート時期は早いけどしっかり旨いヒラメ透明を極めたアジは厚く切り、それに合わせてシャリも硬く握られていますミソではなく身の甘さと温度が見事な山口県宇部産の車海老きりっとしまった岩手産イシガキ貝皮目も生のまま仕上げてふわっとした食感がたまらないカスゴはもちろんシャリもフワフワがっちり旨い北海道襟裳産のカツオマグロはまず戸井産の赤身の漬けから見るからに素晴らしい宮城県塩釜産の中トロは温度を変えて２カン僅か２度の温度の違いが味わいを大きく変えて楽しませてくれます。小ぶりなコハダで気分を変え味と鮮度に拘ったアワビを芸術的に仕上げた握り北九州藍島産の赤ウニそして唐津産赤ウニは煮切りもワサビ何もつけずに対馬産、ひたすら清らかで溶けるアナゴ寿司屋の卵焼きのエッセンスを凝縮し再構築した玉今回も期待以上の感動でした。
44,00000003,鮨 なんば 日比谷,4.72,東京都内,"￥20,000～￥29,999",-,140,日本で一番美味しい鮨屋ではないかと思っている。日比谷ミッドタウン３階、今回は貸切会、いつも楽しく頂いているが、この日はさらに話が弾む。◇新イクラ◇横須賀たこ◇金目鯛◇増毛ぼたん海老、海老味噌殻◇余市鮟肝◇あん肝のパテ、ジャン・フランソワ」さんのパン◇イワシの海苔巻き◇穴子パリパリ焼き◆白いか◆メイチ鯛◆鯵◆宇部車エビ◆石垣鯛◆春子◆秋刀魚◆かつお◆赤身◆中トロ◆大トロ◆小肌◆あわび◆うに◆穴子◆玉◆太巻き◆鉄火巻き◆干瓢巻き新いくらが出てきた。出始めのイクラは皮目が柔らかくとろけるようでとてもおいしい。鮟肝は半分以上を取り中心部分だけをつかう。定番のぼたんえびの美味しさはたまらないし、甘鯛の汁は最高。おつまみのおいしさは格別だが、にぎりがさらにおいしい。小さいにぎりだが、存在感がはっきりした、でも固すぎることなく口の中で溶けていく。ネタのこだわりもすばらしい。
45,00000003,鮨 なんば 日比谷,4.72,東京都内,"￥20,000～￥29,999",-,140,有楽町にある「鮨 なんば 日比谷」さんに伺いました。今回は、２回目の再訪です。The Tabelog Award 2019 Silver 受賞店です。完全予約制の鮨屋さんです。今回はサプレマシーさんの貸切会に呼んで頂きました。ありがとうございます。アクセスは、日比谷線、千代田線、三田線日比谷駅より、歩いて２分足らずとアクセス豊富な立地です。日比谷駅から距離にして144m位とうれしい駅近のお店です。東京ミッドタウン日比谷3階です。食の激戦区です。とてもシンプルな白木の扉にのれん、看板などありません。店内は、木目のきれいな白木のＬ字カウンター８席です。カウンターは、奥行きが広いのでゆったりと楽しめます。店内の色合いも落ち着いていて木のぬくもりを感じる空間です。鮨なんばさんは温度が最も大事にされているので、ネタの旨味が最大限に引き出される温度にされているので、とても美味しいです。日々試行錯誤とおっしゃっるベテラン難波英史氏の鮨を今回も堪能させて頂きました。本日頂いたメニューです。　イクラ　横須賀の蛸　北海道網走のきんき　あしけの牡丹海老　北海道余市のあん肝　あん肝パン　鰯と茗荷とガリの海苔巻き　焼き穴子　白烏賊（シャリ36℃／タネ20℃）　目一鯛　鯵（ 20℃）　車海老（40℃）　石影貝　春子　秋刀魚　鰹　赤身（シャリ36℃/タネ21℃）　トロ（シャリ40℃/タネ23℃）　小肌　鮑　雲丹（20℃）　穴子（シャリ40℃/ネタ45℃）　玉温度で管理されているこだわりの鮨は食べるたびに笑顔になります。どれも美味しいお鮨を堪能でき、とても楽しい時間でした。また是非再訪致します。ご馳走様でした。
46,00000003,鮨 なんば 日比谷,4.72,東京都内,"￥20,000～￥29,999",-,140,"初投稿が2015年5月そこから多分半年くらいさぼって真面目に書き出し、とうとう1000件目のレビューとなりました記念すべきレビューは言わずと知れた超名店鮨　なんばあの「なんば」さんのお誘い頂くとは夢にも思わず、（しかも貸切会）いつかは・・・いつかは・・・と思っていたので財布の紐を身を切る思いで全開にして（笑）参加表明日比谷ミッドタウンおしゃれだなあさらにその一角にあるなんばさんから漂う超一流のオーラわぁ・・・今からあそこでお鮨を食べれるのだ！！！時間になりまして、全員で入店難波さんは、ちゃーんと初めましてのお客さんを分かってらっしゃって、「初めましてですね」とその全員に挨拶いや流石です初めましてのあと次にお会いできるのはあと何年後でしょうかｗ各々飲み物を頼んで乾杯！お任せ（30,000円）スタートです◇新イクラ塩加減というか、本当に美味しいサラリと頂いてしまいました◇横須賀たこ噛むほどに旨味◇網走のキンキの煮つけ出汁が死ぬほど美味しい骨から染み出た出汁飲み干す◇増毛のボタン海老それとも厚岸？でも小さい「つ」はなかった気がしたから多分増毛上に乗った海老味噌にも殻？卵？を砕いたものが混ざっており、パリパリTHE海老味。濃い濃くてお酒が進む＾＾オススメなので合わせてどうぞ！！！と出された日本酒・・・なんと十四代 七垂二十貫！！！あんぎゃ～～初めて飲むぞ～～～～！！！！！(*´Д｀)◇余市のあん肝見ている間ひたすら贅沢だと言い続けた品だって恐ろしいほど削ってるんですよ！！！本当に真ん中の良い部分だけを！あと色も！良いものを！！！ってどんどんあん肝削る、他の部分はポイポイと箱の中（賄いになるとのこと）こんなに美味しくて美しいあん肝食べたことない！！これあん肝？！いやあん肝の味じゃないよ！！！ってレベル死んだｗちびちび食べたｗ◇あん肝バゲット先ほど捨てた部分も若干使ってのバゲットあ、良く慣れ親しんだあん肝らしい味！裏ごしして、野菜と合わせてパテにしたものとのことこれだけでも充分に美味しいんだけどやっぱりさっきのはあん肝じゃない（あん肝です◇鰯の海苔巻きなんだか香り高い鰯しっとり日本酒、オススメの辛口で「美丈夫」◇穴子の焼きパリっとしてるんだけどふうわりと山椒が効いてて好き♡つまみはここまで鮨ネタの素材見せ＆本日のお鮨お献立を頂いてスタート◆白烏賊◆目一鯛美味しい幸せシャリの温度とネタの温度まで表示されているこだわりの鮨目一鯛は5日寝かせたものだそうオススメ日本酒「しらぎく」◆鯵◆車海老◆石影貝◆春子鯵の脂が半端ない昔から食べてる鯵だけどそれとは別次元車海老は目の前でパリッと剥がした海老さんをそのまま使いますヤバイ幸せ美味しい石影貝も春子も初めて食べましたがその美味しさに仰天。特に春子ここで、難波さんからご提案実はここからは鮨に合う赤ワインがあるので、ご希望者はよろしければとのこと鮨に赤と思うんですけれど、ギリギリの邪魔しないと言いますか・・・そういうワインでしたこのあとのネタからならあり◆秋刀魚◆鰹◆赤身◆トロ×2◆小肌◆鮑◆雲丹今年は不作と話題の秋刀魚中々良いものが入らないのは、こういういいお店にそれが全部行ってしまっているから半端ない脂鰹これ、鰹の色？美しい、珠玉の鮨でした赤身は1貫、トロは2貫私の顔はこんな感じ( *´艸｀)雲丹は唐津の黒雲丹とのこと幸せ◇キンキのお出汁さっきも飲み干して幸せだったけどこれも旨味凝縮で昇天する◆穴子◆玉玉がプリンのようここからは追加◆太巻き◆鉄火巻き◆干瓢巻きえ～～～・・・どんだけ鮪使うのでしょうか？これだけで普通なら4万くらい分とかなんとか・・・とんでもない巻物だ食べましたお腹はちきれそうですお会計を襲る襲る見ました37,000円コースが30,000円ですから、あとは飲み物や追加やサービス料？（入ってるのか？）自分がどれだけの値段のもの頼んだか分からないのであれなんですけれどこれだけ良いもの飲んで追加もしましたからねｗ当然行くよねｗというわけで最高支払額更新です！おめでとう！（血涙ご飯のためなら良いもん！！！難波さん、スタッフの皆様、ご一緒頂いた皆様、大変いい思い出でしたありがとうございました"
47,00000003,鮨 なんば 日比谷,4.72,東京都内,"￥20,000～￥29,999",-,140,夏の鮨なんばに。この日は二番手ランチで握ってくれたのは滝本さん。この日のコース内容。つまみ・佐島煮タコ・あん肝最中・イワシのガリ巻き・のどぐろの酒蒸し握り・白烏賊・目一鯛・車海老　・石影貝・春子・鰹・赤身・トロ　大間・トロ・コハダ・鯵・雲丹　　唐津呼子港・穴子・干瓢巻き・椀・玉といったコース内容。この日はトロがメニュー外にも一貫あってラッキーでした★最中と酒蒸しは初めて食べるつまみ。いつもよりつまみが少なめのメニュー構成でした。お弟子さんのにぎりは温度管理こそないもののさすがの美味しい握りでした。ネタは普段と同じものを使っているそうでそれでいて値段はいつもの半額に近い金額。この日は日本酒２，３杯飲んで１万８千円ほど。大将がお酒を組んでくれたり普段見えない光景が見えたり(^^♪次のもってる予約で年内のなんばさんは終わりそう。今まで３か月スパンでしたがもう大将の席は半年先。頻度が減りそうなので誘ってほしい…ｗ美味しかったですごちそうさまでした( *´艸｀)
48,00000003,鮨 なんば 日比谷,4.72,東京都内,"￥20,000～￥29,999",-,140,鮨なんば＠日比谷　鮑の五枚づけ 我々東京ホルモンズは　なんか聞き覚えのある声がするなと思ったら個室から女王様が出てきたB食家集団である 鮨なんば＠日比谷　鮑の五枚づけの話久しぶりの日比谷です   前回の個室プレイで難波さんの神々しさみたいなもんを感じたあとなので  今日も滅茶苦茶楽しみにしてきました  周辺のお鮨好きな方々の意見を聞くとみんな決まって最近の難波さんの異次元っぷりにびっくりしている様子です  なんつーのかな雑さがないっていうかさ  気を抜いてないっていうかさいや違うな 気を抜いてない時の仕事を気を抜いててでもできちゃうレベルに達してる が正解かしら  もう実際名人級だよねこのヒト  あん肝は見てると三割くらいまでトリミングしてるんじゃね？  そんなに研けばそりゃーウマイ訳です でもね名人難波英史はコレだけでは終わりません削ったあん肝を香味野菜とホニャララしてペースト状にしてから  パンにディップしちゃいます  バカみたいにウマイです（笑）  こーゆーのひとつ取っても他店とは頭一つヌケてんだよなー  出ました！鮑の肝シャーベット♪これ発明だよね どっかで「鮨屋のツマミランキング！」なんてのやってくんないかしら？難波さんの焼き穴子とコレ絶対TOP5入りだよね  最近どこでも出てくる焼き喉ブラックも脂に頼るような仕上げはしません 身のしっとり感と皮の食感が違います  鮪もスゲーの入れてんなーまだ8月だよ  へ？樋長じゃないの？？  最近は樋長さんからはもちろんやま幸さんからも入れてるそうですソレができる難波さんがスゴイ！  最近好んで来ている私服のブランドが同じってことが判明しそれに伴う乳首の浮き防止策について語らいながら  握りタイムです  まずは呼子の白いか そーいやこの前テレビ出てましたね呼子方面にロケに行ってたような？そのご縁かしら？  石垣貝  握りメニューをみると石影貝ともいうんすか知らんかったーこーゆー点でも温度を記したこのメニュー重宝するね  ジャパンをチェンジしまして  愛知の鱸  真羽太と白身が続いたあとは  身の厚さが素晴らしい  鯵です 二貫続いた白身でシャリとの一体感を楽しんだあとネタが主張する一貫を持ってくる さすがです  身の柔らかい春子は超激エアリーに握ってくれています  よく考えてるよなー  身と皮のコントラストが美しい鰹はアレがビットウィーンしていますえ？ソレ挟んじゃう？？ってアレ（笑）  超合金か！ってレベルでビッカビカの鰯は オレ的今シーズンナンバーワン鰯でした  赤身 見た目からは想像できないほど身の柔らかい鮪でした  しっとり感申し分なしのトロ  ジャパンを変えまして  お櫃が入れ替わり酸味がまだ強めで温度の高いシャリで頂く大トロ コレはメニューに無かったね親方アザマス！  シャリとネタの温度調整それに加えネタにあわせてシャリの大きさや握りの強さを調整しています  小肌はおぼろオン式  そして今日イチはコレ  鮑を薄くスライスして五枚重ねにし  肝で仕上げたツメを塗った一貫これスゴイです神の技を見た感じ そういえばこのタイミングで「この前インスタで上げてた千住の鮨屋おいしそうですね」なんて言ってたけど あれ？そーいやしげちゃんとこでもコレ食ったぞ？あれ？しげちゃん？？あれ？？（笑）  雲丹は富夫です富夫は英史が独占しているそうです（笑）これなんてもう  握ってないもんね（笑）  握ってないから潰れてない 雲丹の表面の質感を舌で感じれてこれイイわ軍艦だとどうしてもすぐに海苔が主張してくるもんねてか富夫！美味しい！（笑）  最後のジャパンは田中六十五で〆まして  シャリ40度ネタ45度で握るトロっとしたと思ったらフワッと消えてなくなる魔法の穴子  デパ地下のスイーツコーナーでひとかけ800円くらいで売れちゃうレベルの玉上に乗ってるのは秘密（笑）  切れ端ではなく  イイトコしか入ってない  鮪の太巻きと  実は結構拘ってるらしいかんぴょう巻きで終了です  もうね何度も言うけどこのヒト神ですわ  ずいぶんと先だけど次が楽しみで仕方ないっすわ   　親方　じゃ千住で！！　ニヤリ  ランキング、今日もポチッとお願いします！ 　人気ブログランキング　　にほんブログ村　　ブロぐるめ  --------------------------------------------店名　鮨なんば場所　日比谷--------------------------------------------
49,00000003,鮨 なんば 日比谷,4.72,東京都内,"￥20,000～￥29,999",-,140,日比谷の【鮨 なんば 日比谷】さんに伺いました。場所は東京ミッドタウン日比谷の3階です。今回もお昼の営業に伺い、つまみからにぎりのおまかせを頂きました。つまみ○蛸　佐島産。　水と酒で煮る。　塩は蛸が持っている塩分を利用。　めちゃくちゃ柔らかく、蛸のうま味がストレートに味わえとても美味しい。○ボタンエビ　増毛産。　この日のボタンエビは透明度が低いということで火を通しての提供。　ボタンエビの殻を和えたエビ味噌とボタンエビを火入れし、少量のバターと塩のみで味付け。　エビ味噌と甘味のあるボタンエビはバターとの相性が良く濃厚な味わいになり抜群に美味しい。　火入れした柔らかいボタンエビの殻の食感と風味が良いアクセントになっていました。○釣りキンキの煮つけ　網走産。　つまみの定番。　脂溢れ甘くて美味しい。○あん肝　余市産。　あん肝用の煮詰めがかけられ、ワサビで頂きました。　滑らかな舌触り。上品な味わい。○イワシの海苔巻き　愛知県産。　茗荷、大葉が一緒に巻かれ胡麻が乗せられる。　脂が乗ったイワシと薬味、海苔とのバランスが良かった。○あん肝のパテ　あん肝を裏ごしして野菜と合わせてパテに。パンに乗せて焼かれる。　使用しているパンは東京ミッドタウン日比谷地下1階の「ジャン・フランソワ」さんのパン。　あん肝は香ばしくコクのある味わい。大好きなつまみです。○鮑の肝のシャーベット　肝の風味強くお酒にとても合います。○焼き穴子　対馬産。　生からじっくり焼いた穴子。山椒がかけられキュウリが添えられています。　表面カリカリ、身は脂が乗ってジューシーな味わい。とても美味しい。………………………………………………………………………………………………………………………にぎり(シャリの温度/ネタの温度)●白イカ(36℃/19℃)　呼子産のLLサイズの白イカ。　薄く細くスライス。スライスしたイカを1貫につき100本以上使って握られる。　シャリの酸味が強いためイカとのバランスを考え、シャリは小さく空気を含ませるように軽く握られる。　ねっとりした舌触りで甘く、シャリと一緒になってとろけます。●ヒラメ(36℃/20℃)　北海道産。4日寝かせる。　ヒラメもシャリは小さくふっくら握られる。　身は柔らかく甘味とうま味があり美味しい。●スズキ(36℃/20℃)　三河湾産。1.5㎏のフッコぐらいのサイズのスズキ。　スズキも小さく柔らかく握られる。　丁寧に下処理され、柔らかくうま味濃厚。●アジ(37℃/21℃)　舞鶴産。　握る直前に下ろす。　アクセントをつけるため厚めの切りつけ。　薬味はネギ。ネギはアジとシャリの間に挟んで握られる。　シャリは大きくしっかり握られる。　脂が乗りうま味濃くめちゃうまでした。●車海老(38℃/38℃)　宇部産。　茹で立て。しっかり握られる。　身は厚く食感があり香り素晴らしい。　握られた温度はベストで甘味もしっかり引き出されとても美味しい。●イシガキガイ(35℃/16℃)　岩手県広田湾産。　肉厚でねっとりして甘味濃厚。●春子(37℃/21℃)　ふわっと柔らかく握られる。　身もふわっと柔らかく甘味とうま味素晴らしい。●カツオ(38℃/23℃)　襟裳岬産。　プリっとした食感。　程よい脂の乗りでうま味濃厚。●赤身(37℃/21℃)　塩釜産。　軽く漬けにして握られる。　ねっとりゼリーのような食感。　コクのある味わい。美味しいです。☆赤身からマグロに合わせた炊き立てのシャリを使用。●中トロ(40℃/24℃)　塩釜産。血合いぎし。　寝かさず、この日仕入れたマグロを下ろして使用。　程よい食感あり。　ねっとりしてうま味濃厚。　仕入れて下ろし立てから生まれる鮮度の良い香りと甘味がありとても美味しい。●大トロ(40℃/24℃)　三厩産。　脂が乗って甘味がありとても美味しい。　炊き立ての酸味の効いたシャリとの相性がとても良かった。●コハダ(37℃/20℃)　天草産。　卵黄と絡めた海老のおぼろを乗せて握られる。　上品な〆具合。　皮目がとても柔らかくうま味が濃かった。●鮑(36℃/20℃)　唐津産。　海女さんが取ってすぐに送ってもらい仕込んだ鮑。　市場で活かし込んでいないので、鮮度の良さによる香りとうま味が味わえるとのこと。　薄く5枚に切り付けシャリとの一体感が生まれるように握られる。　鮑で出汁を取って作った煮詰めが塗られる。　めちゃくちゃ柔らかくうま味が溢れます。　薄く切り付けたことにより香りの広がりも素晴らしく絶品でした。●赤ウニ(36℃/20℃)　唐津産。　水深12ｍのカジメを食べたウニ。　滑らかな舌触り。うま味と甘味のバランスが良くとても美味しい。○お椀　ヒラメ、キンキ、スズキで出汁を取りカツオ出汁と合わせたお椀。　出汁を取る際、80～85℃で沸騰させずに雑味が出ないように丁寧に仕込まれる。　とてもきれいで落ち着く味わい。●穴子(40℃/45℃)　脂があってうま味もありとても美味しい穴子。●玉子焼き　エビの殻の柔らかい部分を焼いたものが上に乗せられる。　表面は香ばしい風味でカリカリ。中は甘くトロっとした食感。これで一通り追加●干瓢巻き　程よい食感があり濃いめの味付けの干瓢。　　酸味の強いシャリとの相性がとても良かった。飲み物□生ビール■日本酒(おまかせで頂きました)　農口研究所(石川)　十四代(山形)　水響華(静岡)　義侠はるか(愛知)◆赤ワイン　シャンポール ミュジニー プルミエ クリュ ドメーヌ レシュノー(ブルゴーニュ)今回もとても美味しいつまみとにぎりでした。あん肝のパテは定番メニューになったようで、私は大好きなのでとても嬉しいです。パンは地下1階の「ジャン・フランソワ」さんから朝に焼かれたパンを仕入れて使用。このパンとあん肝のパテとの相性はとても良く美味しいです。にぎりはこれまでのシャリとネタの温度、ネタの切り付け方などのこだわりに加え、最近はネタの素材に合わせてシャリの大きさ、握る力加減など巧みに変えてシャリとネタとの一体感を高め、さらにネタのうま味が最大限引き出されるように握られ、一貫一貫こだわりのお鮨に仕上げられています。こだわりのにぎりは全て素晴らしかったです。今回は初めてマグロに合わせて赤ワインを頂きましたが、マグロの脂とうま味との相性が良く美味しく頂けました。今まで日本酒ばかり頂いていた私には新しい発見でした。今回も美味しくて大満足でした。ごちそうさまでした。
50,00000003,鮨 なんば 日比谷,4.72,東京都内,"￥20,000～￥29,999",-,140,Instagram    pateknautilus40https://www.instagram.com/pateknautilus40/3ヶ月ぶりの訪問です。益々予約間隔が空いていっている。。。凄いな～どこかで歯止めをかけないと、このまま行くと1年待ちとかになってしまいますね・・・さてさて、本日も良いネタを食べれました。最近出てきた三厩の鮪、普通では中々食べられない特別な唐津の赤うに等々。ここのところ食通の仲間が『最近なんばさん良いよ』と言うのをよく耳にしていたので、少し間を置いていたこともあり楽しみでした。ツマミから始まる珠玉の数々はどれも美味しくて、私見ですが移転当初より随分とレベルアップされ美味しくなっていると思います。9月からは昼間はお弟子さんが握り昼間は難波さんは出ないらしいです。阿佐ヶ谷なんばしかり、こちらでもお弟子さんがどんどん育っていってますね。難波イズムを継承されてくお弟子さんが増えていくのは寿司業界にとってもこちら側にとっても素晴らしい事ですね。次回もまた楽しみです。なお、この日頂いたものは下記のとおりです。『佐島の蛸』『ボタン海老の殻味噌のせ』『きんきの煮付け』『鰯の海苔巻はガリ、ミョウ、ガオオバ入り』『あん肝』『パンにあん肝のパテ』『鮑の肝シャーベット』『焼き穴子と胡瓜』  以下は握りで『白いか』『鮃』『鱸』『鯵』『車海老』 『石影貝』『春子』『襟裳の鰹』『三厩の鮪の赤身』『とろ』『小鰭は海老のおぼろと』『唐津の鮑』『唐津の赤うに』『お椀』『対馬の穴子』『玉子、上には焼海老の刻み』『干瓢巻』
51,00000003,鮨 なんば 日比谷,4.72,東京都内,"￥20,000～￥29,999",-,140,日比谷オープン後、継続して通う中で、しばらく間が空いてしまったので、久しぶりの訪問温度管理だけでなく、握りや、ネタの仕入れについても進化があり、いつものように感動しました。阿佐ヶ谷時代のなんばさんはつまみ、握りだけでなく、煮物、揚げ物、蒸し物、全てが構成においてバランスが取れていました。何か一つに突出させるというよりは、全てのレベルが高く、嫌なものが一つもなく、ずっと幸福感に包まれるという印象でした。一旦全てを再構築して、細部の進化をさせる中で新しい完成形に近づいているように感じます。まだまだ挑戦を続ける、なんばさんが楽しみで仕方がありません。ありがとうございました・佐島のたこ・ボタンえび○網走キンキの煮付け◎いわし、がり、ミョウガ◎あんきも◎あんきものパテ、セロリ、たまねぎ、人参・アワビの肝のシャーベット ・あなごのパリパリ◎白いか→あまみが美味しい・ヒラメ○鱸すずき・アジ◎車海老、山口、宇部◎蝦夷、石影貝◎かすごエアリーに握ってという事だが、ネタに合わせて明確な握り方を変えるまでのこだわりに驚き。味がしっかりしているかすごには、大きめのシャリが合うというイメージでした。ただ、逆にそれは重たい印象を与えてしまいますが、軽く空気を混ぜることによって、その印象が消えていました。再度楽しんでみたいです。○鰹○赤身三厩の良いまぐろを仕入れたとのこと○トロ・コハダ ○アワビ、上にアワビのつめ◎唐津のうに　　富夫の一番井上富夫さんは水深12m潜れるとか通常は4mから先が冷たくなるが、12mになると暖かくなるとのこと素晴らしく美味しかった。個人的な雲丹の好みは、旨味が感じられる中で、口溶けが良く、ほんのりとした甘味が残るものだが、富夫さんのものはまさにそのもの。○アナゴ○玉日比谷の店構え、値段を考えると、満足いただく為握りの貫数は、一般的には多くあるべきであると思います。その上で、なんばさんの特徴でもある、比較的味がしっかりとしたつまみと合わさると、後半ボリュームが多く感じられたり、ともすると食後感が失われがちです。どう緩急をつけながら、多くに満足してもらうボリュームという満足感を持ってもらうのか。この辺りは難しい部分もありそうだと思いました。前半のつまみを追加方式にしないのでれば、酸味や舌をリセットさせるものがあると良いのかもしれません。今回は前半、甘み・旨味が比較的続いたのかなと感じ、シャーベットではリセットされきれず、あなごのパリパリのインパクトが薄れた印象でした。
52,00000003,鮨 なんば 日比谷,4.72,東京都内,"￥20,000～￥29,999",-,140,相変わらず猛暑〜。夏の暑さを吹き飛ばすにはご馳走食べたい、と言うか事で、4人でなんばさんの個室を初利用。20時半スタート。最初のおツマミ系は、難波さんのお弟子さんが持って来てくださり対応。生ビールでスタート。まずは「佐島のタコ」…柔らかさマックス状態。文句なく美味。「北海道厚岸のボタン海老」…そのボタン海老の味噌と卵を細かく砕いて海老に乗せた一品。旨すぎてヤバい。「網走のキンキの煮付け」…出汁にキンキの脂が滲み出て出汁ももちろん飲み干す。「余市のあん肝」…あん肝の表面を削ぎ落として、シンの内側を食べる。程よい柔らかさで食べるのがもったいないほどチビリチビリといただく。「パンの上に香草とあん肝」…初めてなんばさんでパンが出た！でも、なんだ、この複雑系な旨味の濃い一品は。ちょっと舌も変化に喜ぶ。「いわし」…おおば、生姜、ガリ、胡麻、青のりも半分はいっている海苔巻き。酒のつまみにこのあたりピッタリ。「あわびのきも」…黒い物体になんだ？と思っていたらなんとアワビの肝。美味しいに決まってる。「赤ムツ」…脂がたっぷり乗った赤ムツ(＝のどぐろ)。少し脂っこさにしつこさを感じたら大根おろしを口直しや一緒に食べて緩和するのに良い。さて、そろそろ握りスタート。その前にいろんな準備。「アワビ専用の煮詰め」、「アナゴの煮詰め」などそれぞれに合ったモノの準備など…。店に着いてから1時間経過した21時半。ここで大将の難波さんが個室に来て握ってくれる状態に。カウンター席のお客さんは既に帰った模様。最近あまりこちらが気にしなくなってしまったが、ネタとシャリの温度帯別には大将の難波さんはもちろんこだわる。握りは「呼子のイカ」からスタート。隠し包丁が幾重にも入ったイカ。大将自らが言う確かにエアリーな握りになっている。軽い、融ける、消えていく。「スズキ」…脂も乗って美味。「真羽太(まはた)」…同じハタ科のクエに味も食感も似ているかな。「かすご」…一年中いつでも食べられるネタとして最近はよく出て来てくれるので嬉しい。「車海老」…プリップリの海老食感。「石影貝」…黄色い鳥貝と呼ばれることもある旨味ある希少な貝。自分的には最も好きな貝のひとつ。「カツオ」…8月のカツオとなればまだ戻り鰹でもなく中途半端ではないのかな？と思いつつ口に入れるがこれがまた美味い。旨味がたっぷり。予想外のネタで嬉しくなった。「イワシ」…脂もたっぷり美味。さてここから「塩釜のマグロ」…この日のマグロは塩釜、179.4キロモノ。マグロの仲卸は「やま幸」。 まずは「赤身」…ネタ21℃、シャリ37℃、とある。とにかく美味い。続いて「トロ」…ネタ24℃、シャリ40℃。さらに「大トロ」…うぉ！まじ見た目から脂が乗って美味しそう。と、食べてみて確かに美味しい。「コハダ」…見た目も美しいコハダ。美味。「アワビ」…5枚付したアワビ。柔らかく旨さも半端ない。「唐津のウニ」…なかなか手に入らないウニだそう。大将から手渡しでいただく。間違いなく美味しい。「穴子」…煮詰めで食べる穴子。まったり美味しい。「玉子、海老の殻が入る」…濃厚な海老のエキスを感じる玉子。これは今まで難波さんで出て来てない新作？と思うが、ホント濃厚で美味しい。久々にいただいたなんばさん。予約困難店だし、半年に一回でも来れただけ幸せか。さっ、また食べに来れるように頑張らないと。
53,00000003,鮨 なんば 日比谷,4.72,東京都内,"￥20,000～￥29,999",-,140,日比谷に移ってから定期訪問をさせて頂ているお寿司屋さん。本サイトの評価もメキメキあがり、すぎたさん・さいとうさんに次ぐ都内トップ3になってます（レビュー時点）。日比谷ミッドタウンの3Fに位置し、カウンター8～9席と横に個室。この日も週末のお昼に訪問。なお今後、平日のお昼は値段を下げてお弟子さんが握るそうです。難波さんも昼もとなると大変でしょうし、お弟子さんの育成という意味でも良い試みかと。週末は、お昼も難波さんが握ります。お昼は税込み25000円と、最近の鮨事情を考えれば割安。この日の内容は、以下になります。〇つまみ＊佐島の蛸の柔らか煮＊増毛の牡丹海老　その殻とミソを乗せて＊網走のキンキをさっと煮たもの＊石垣貝の炙り＊あん肝＊あん肝と香味野菜のペースト　パン＊イワシの海苔巻き＊鮑の肝のシャーベット＊穴子のタレ焼き〇握り＊白烏賊＊平目＊鱸（スズキ）＊鯵＊春子＊鰹＊赤身＊トロ＊トロ2＊小肌＊鮑＊金目鯛＊雲丹＊穴子＊玉＊贅沢鉄火巻〇魚のアラの吸い物素晴らしかったです。握りがさらに進化してました。タネごとにシャリとタネの温度を変えるのは前からですが、握り方までタネごとに変えてる。具体的には、ふんわりとエアリーの（置いた時に）沈む握り方とややしっかり目の沈まない握り方を使い分けるようになったとか。食べると、その違いは如実に分かります。大まかにいうと、食感（と場合によっては味も）がやや柔らかいタネは、柔らかく握る。しっかりしたタネには、ややしっかりと握ったシャリを合わせる。結果、シャリとタネとの一体感が出て、空前絶後の美味を生み出す。素材の味をシャリが良い感じに持ち上げるし、余韻がすごく長くなるんですよね。超感動しました。温度の違い以上に、握りに対する影響は大きいかも。しかも、柔らかく握っった場合でも崩れないのがスゴイ。また前回、こちらのシャリは白身やイカなどに対してはやや酸味が強いと書いたのですが、これも改善されてました。具体的には、シャリを少し小さくしたとか。これは、単にバランスを取るためにタネを厚くしてもダメだそうで、小さくしてシャリのインパクトを和らげてこそらしい。これまた実際に頂くと、烏賊でもシャリの酸味が気にならずにその甘みが存分に味わえるし、シャリとの一体感がある。めちゃめちゃ感動しました。難波さんには、「言われたらすぐ改善しますので」と言われ、これだけの名声を博してもなお、客の声に耳を傾けて向上する姿勢に感服しましたよ。前回も書いた素材に対するコダワリも相変わらずスゴイ。雲丹なんかは、唐津で一番の素潜り名人で都内ではここでしか仕入れられない漁師さんが獲ったものを使ってるそう。また、鮑はうすーく切って重ねることで香りを立たせるなどの工夫もある。とにかく、全方位360℃くまなく神経と手間を張り巡らせ、究極の一貫を目指してる。この高評価も納得だし、個人的に知ってる限りでは握りのレベルは都内でトップかも（そんなに多くは食べ歩いてないですが）。満点を付けたいのですが、まだまだかつてない高みに行きそうなので、あえて少し点数の余地を残しておきます。難波さんはちょっと聞けば色々と教えてくれるのも、嬉しい。そんなに色々と食べてはいないお寿司さんではありますが、その中では個人的に究極の一軒。最近は食べログの点数が上がった結果さらに人気が出たそうで、予約がかなり先かつ困難になってしまったのがツライ。とはいえ、通えるうちは通いたい名店。ご馳走様でしたー。以下、料理の感想を少し。最初のタコは、塩と蛸の出汁のみで煮てるそう。優しい味の中にも旨みがギュッと。牡丹海老は、定番の品。でも、いつもより海老のミソが美味しい。ネットリとした海老の甘みにミソのコクと殻の香ばしさが加わり、悶絶。キンキは、少し甘みがありつつキレのある汁が美味しい。優しい味なのも良いな。個人的には少し貝臭さを感じることが多い石垣貝ですが、こちらのはそれがなくて旨みが濃い。あん肝は、良いところだけを切って使ってますが、夏らしくアッサリした味。まあ仕方ないかと思うし、これはこれで夏向きで良いのかも。一方、端の部分を使ったあん肝と香味野菜のペーストをトーストに塗って焼いたものは、その濃厚さがタマらん。美味しいです。イワシの海苔巻きは、少し水分を与えることで海苔の香りを立たせているそう。実際、海苔の香りが素晴らしく、これまた夏向けかアッサリとした脂の乗りのイワシに深みを与えてる。鮑の肝のシャーベットは、今回は海藻の香りがすごい。クセがあるとも言えますが、これはこれで悶絶もの。穴子のタレ焼きは、パリふっくらな焼き方も良いし、タレが上品なのも良い。タレは穴子から取った出汁を使っているそうで、上品ながら深みがある。そして握り。最初の烏賊（呼子産）から、前述のように悶絶。スズキは、奥の方から旨みが出て来て余韻が長い。これも少し小さめでエアリーな握り方が功を奏してる。一方鯵は、しっかり目の握り。脂が乗って旨みがギュッと詰まった鯵には、その方が良いそう。なるほど身質もしっかりで厚みのある鯵には、その方がシャリとの一体感もバランスも取れる。唸りました。鰹は玉ねぎを忍ばせて。良い意味で鰹っぽくない綺麗な味の鰹。鮪は、やま幸から仕入れた巻き網で塩釜から揚がったもの。最初の赤身は、2分半ほどヅケにしたもの。香りが良いな。こちらもしっかり目の握り。ヅケにした分、身質的にも味的にもしっかり目の握りが合う感じ。続いてのトロは、柔らかい握り。トロの身質の柔らかさが、合います。トロは、もう一貫。こちらの方が、脂の乗りが良い。小肌は酢が強過ぎない分、旨みがきちんと味わえ、美味しい。。鮑は前述のように、薄く切ることで香りが立ってるし、旨みも出る。美味しい。金目の脂の乗りも良かった。雲丹はクリーミーだけど、甘みはそこまででも・・・。旨みは強くて、少し磯の香りが強め。穴子も柔らかくて旨味が乗ってる。玉はまさにデザート。海老の殻を上に乗せて香ばしさを出してますが、これは好き好きかも。最後に追加で、トロまで入れた贅沢鉄火巻きを頂いて終了。超満足です♪
54,00000003,鮨 なんば 日比谷,4.72,東京都内,"￥20,000～￥29,999",-,140,久々に伺いました。相変わらず、優しい大将の笑顔。癒されます。日比谷に移転されてから、目覚ましい進化を遂げられています。日々、勉強と努力の姿勢が歴然として、拍手喝采です。種と舎利の温度のこだわりは、さらに進化し、きめ細かい温度帯で、種ごとに変えているという神業。　まさにオソルベシです。では、この日の内容です。つまみ１、煮蛸　　酒と水だけで煮ています。　　究極のテクスチュア２、増毛のボタン海老　　殻を焼いて味噌と混ぜたものをのせて。　　ほんのりとした香ばしさが。３、キンキの煮つけ　　網走の釣りです。　　えもいわれぬ出汁にうっとりです。　　骨の出汁で、80度で沸騰させずに　　とるのがコツ。４、鮟肝とそのパテ　　鮟肝のあとには、　　なんと、鮟肝のパテです。　　階下にある「ジャン　フランソワ」さんの　　食パン。　　鮟肝に、セロリ、玉葱、人参などを混ぜて。　　なんと、寿司屋でパン・・。　　この変化球がいいですね。５、〆鰯の巻物　　愛知　衣崎の海苔で巻いて。　　巻いてからかなり置いているので、　　なぜか、と思っていたら、　　この海苔はしっとりしたほうが美味、　　とのこと。６、塩釜の本鮪のカマトロ　　43度の酸味のある舎利と、　　有明　南川副の初摘みの海苔で　　巻いて。　　　最高です。７、鮑の肝シャーベット　　これも新しい。　　　溶けないうちに食べたほうが、　　臭みを感じません。８、のどぐろの塩焼き　　対馬の網獲り　　網獲りのほうが、圧倒的に　　　脂がのっています。握り以下、左の数字は舎利の温度、右は種の温度１、白烏賊　　36℃・19℃　　呼子産。　　柔らかい種は、柔らかく握ります。２、石影貝　　35℃・16℃　　岩手広田産　　最近使うお寿司屋さんが増えましたが、　　実は、何十年も前から大将は使っていた　　とのこと。３、星鰈　　36℃・20℃　　石巻産で、4日寝かせ　　煎り酒で。４、鱸　　36℃・20℃　　三河湾　　鱸は良しあしがはっきり分かれますが、　　これは、流石でした。５、鯵　　37℃・21℃　　舞鶴産　　直前に捌いたもの。　　身厚です。　　鯵好きには、こたえられません。６、春子　　37℃・21℃　　出水産　　これもふわっと握って。７、鰹　　38℃・23℃　　気仙沼の一本釣り　　豊洲　蔵立さんの最上品　　2分、漬けに。　　これは、この日、うなった一品。８、赤身　　37℃・21℃　　上記、塩釜の本鮪　　　９、トロ　　40℃・24℃　　　　この日は、続いて大トロも。　　ラッキーです。　　なにもいえません。10、小肌　　37℃・20℃　　しっかり〆ているので、　　海老のおぼろと。11、鮑　　36℃・20℃　　なんと、薄く平行に5枚切りに。　　表面積を多くし、より香りを楽しめる　　ように、と、大将のオリジナル。　　鮑の香りが広がります。　　鮑のツメで。12、金目鯛　　38℃・23℃　　下田産　　　一晩、漬けにして。13、雲丹　　36℃・20℃　　唐津の赤雲丹　「富夫」さんブランドで、東京では　　こちらだけ。　　北海道とはまた異なる味わい。　　濃いです。13、穴子　　40℃・45度　　対馬産14、玉　　海老の殻の柔らかい部分を焼いて　　加えています。＊追加　特大鉄火巻き　これでもか、とトロを詰めて　巻いていただきました。味噌汁星鰈、鱸、きんき、鰹節の出汁お供は、・十四代　超特・黒龍　しずく・美丈夫　純米超辛口大将は、それぞれの、種と舎利の温度を毎回手で感じて、確認し、ときどき、「冷たすぎる」などといって、裏に返していました。こうして、最上のものが、最高のコンディションで、私の口に入る、という至福を体験させていただけるわけで、感謝そのものです。柔らかい物腰の大将ですが、仕事に向き合う姿勢の厳しさを垣間見ることができ、さらに好感度があがります。あ～～～、今こうして書いていても、またすぐ、いただきたくなります。
55,00000003,鮨 なんば 日比谷,4.72,東京都内,"￥20,000～￥29,999",-,140,ミッドタウン日比谷にある鮨なんば、衝撃だった。私の中で水天宮を超えてしまった。難波さんの鮨は阿佐ヶ谷時代に2回ほど食べたきりで、今は阿佐ヶ谷に定期的に通っているけど、あの頃の難波さんの鮨とも、今の阿佐ヶ谷の鮨とも別次元で神がかり的だった。つまみの煮タコも塩と酒だけで煮込んだというのにこんなにも柔らかく、ねっとりとしたボタンエビは、上に乗ったエビ殻とエビ味噌がこんなにも日本酒との相性を高めるのかと驚き、外側をトリミングしたあん肝は阿佐ヶ谷の雲のうえをいく美味しさ（阿佐ヶ谷も美味しいよ）だった。あえて海苔をしっとりさせたイワシの海苔巻きの仕上がりも水天宮のそれとはまた別物で狙いすました旨さ。アワビの肝を半冷凍の状態で出すといった発想は一体どこから来るのかと思う。握りの進化も凄まじかった。赤酢は少々使っているけどいわゆる流行りの赤酢シャリではない。温度を吟味しネタの香りを引き出すことをとことん考えたシャリは、特に赤身やカツオ・アジ・コハダなど青魚の旨さを倍増させてくれる。白イカとアワビはそれぞれ超薄くスライスしたものを重ねることで、より香りを楽しませてくれる。米粒のはっきりした存在感のあるシャリ、ネタの香りの後に時間差でシャリの酢の香りが訪れる。ネタごとに温度を細かく設定し考え抜かれた流れはもはや神の領域、まさにここでしか食べられない鮨だと思う。何だろうね、最近色々な鮨屋をジプシーのように巡ったり、毎月15日に電話をかけ続けたりという呪縛からやっと解放されたような、憑き物が落ちたような感覚を受けたよ。はあ、素晴らしい。
56,00000003,鮨 なんば 日比谷,4.72,東京都内,"￥20,000～￥29,999",-,140,6月に続き、2カ月続けてのなんばさん。つまみは完全に夏仕様の清涼感たっぷりの肴の連続。そして、この日のにぎりは温度だけじゃなく、魚の切りつけに合わせたサイズにまで拘りが。久しぶりにばらちらしも作ってもらって今宵も大満足。
57,00000003,鮨 なんば 日比谷,4.72,東京都内,"￥20,000～￥29,999",-,140,2019.7.その白さの中にある青さは、まるで青空を写した水面のよう。そんな印象的な加藤 委(つぶさ)さんの青白磁の置き台にそっと鮨を置くのは、難波 英史さん。2018年3月に更なる高みを目指して、その味と高いコストパフォーマンスで予約困難店であった阿佐ヶ谷にある「鮨 なんば」の2号店としてオープンした「鮨 なんば 日比谷」の大将です。阿佐ヶ谷店の時に一度食べさせていだきましたが、味わいよりも予約の困難さと阿佐ヶ谷という私には遠い街という理由もあり、縁遠いお店になっていました。オープンから約1年ちょっと経ち、ネット予約も瞬殺で終了する人気ぶりは、この日比谷という新しい街に認められた何よりの証拠なのでしょう。そんな難攻不落のお店に毎月のごとく通ってらっしゃる方からお誘いを受けて、初訪問となりました。周りのお店から少し遅い開店の19時。東京ミッドタウン日比谷の3階では、扉の解錠を待つ人が集まり出します。店内はビルインのお店ながらもアプローチがあり、衝立の向こうには20人がかりで運び入れたという檜の一枚板のカウンターが光り輝いています。壁の右側には美食家として知られる北大路魯山人の平皿が額装されて飾られており、その前が今回の私の席。「阿佐ヶ谷以来ですね」そう言って、難波親方はニコリと笑う。阿佐ヶ谷の時とどう違うのか？どのくらい進化したのか？私もそれが1番楽しみなのだ。今夜の献立ガリ綺麗なガラスの器に盛られたガリ。かなり繊維が柔らかいので、この大きさが嬉しい。煮蛸日本酒で煮ただけの蛸。驚くほどに柔らかな蛸は最初にお酒の味わいが強く、後から蛸の旨味が溢れます。牡丹海老極太の牡丹海老の上には、焼いた殻を混ぜた味噌が盛られています。味噌の濃厚な味わいに香ばしい風味がプラスされて、美味しい。キンキの煮付け♡北海道網走産。食べてみたかった話題の肴です。脂のあるキンキの旨味と白醤油と味醂の甘めな煮汁が実に美味しい。鮟肝♡外側の部分を切り落として、中心部しか使わない鮟肝の甘味と口溶けは秀逸。その純粋で無垢な味わいは、難波親方の目指す「美しい味わい」を表現しています。鮟肝ペースト外した外側の部分を玉葱・セロリなどと共に焚き上げたものをバケットに塗って、焦げ目をつけたもの。鶏のレバーペーストよりもクセもなく、断然に美味しい。鮨店でバケットが出されるとは、あの某店を彷彿させます。鰯巻き♡大葉・茗荷・胡麻を鰯で巻いた磯辺巻き。さすがは旬の鰯、素晴らしい美味しさ。鉄火巻き♡♡入店した時に、難波親方が仕込んでいたものがコレ。赤身(青森)・中トロ(ニュージーランド)・大トロ(インド)を使った鉄火巻きです。シャリは45度くらいだそうで、手渡されるとその熱が伝わるくらいに熱々。その熱さで鮪の香りがブワっと立ち上り、脂が解けて絶品。焼き穴子♡宮城県松島産。阿佐ヶ谷の時にもいただいた名物。表面のバリッとした食感ととろけるような口溶け。胡瓜を一緒に食べることで食感のコントラストと爽やかが生まれます。穴子が旬ということもあるでしょうが、記憶にある阿佐ヶ谷のものとは格段に美味しい。今夜の握り手渡れたメニューには、難波さんの目指す鮨への思いと今夜供される種が書かれています。そして、話題のシャリと種の温度も載っています。泥障烏賊（36℃/20℃）3貫まではシャリは小さめらしい。酢橘の爽やかと泥障烏賊の甘味が際立つ。口に入れた瞬間にふわりと解けるようなシャリが印象的。平目（36℃/19℃）珍しい江戸前の平目。ふわりとしたシャリの食感の後、平目のモチモチとした食感と甘味が映えます。鱸（36℃/20℃）白身の食べ比べ的に供された鱸。先の鮃とは違う風味と甘味があってより爽やかで、夏らしい種。鯵（37℃/21℃）♡シャリが一気に大きくなりました。握る30分前におろして、酸化させた鯵。口の中で暴れるような旨味の後、スッと消えるような引き際の素晴らしさ。車海老（38℃/38℃）佐賀県伊万里産。半生ではなく、確りと茹で上げて甘味を引き出した車海老は食感もあり、噛むたびにその甘味が広がります。春子（38℃/21℃）ふわりとした春子はジューシーで解けるよう。白身などの繊細な旨味の種は、シャリを小さくして味わいをコントロールしているみたい。鰹（38℃/23℃）シャリとの間におろした玉葱を忍ばせて握っています。モチモチとした食感もあり、味わいには鰹らしさが残っています。赤身（37℃/21℃）♡有名鮪卸問屋の「やま幸」から仕入れた岩手県山田産定置40キロの鮪は、山口社長のお墨付きだそう。今夜はその鮪を存分に味わってもらいたいという難波親方の心意気で、常連の方も初めてという鮪に特化した献立になりました。山口社長のお墨付きは伊達ではなく、約2分半漬けたという赤身は素晴らしい味わいです。見た目からも色気があり、口に入れると舌に吸い付くような感じで旨味が濃く、2貫というのも嬉しい誤算。中トロ（40℃/24℃）ふわりとする香りが心地よく、口溶けも華やか。切りつけは、この街らしからぬ厚みがあって存在感もバッチリ。大トロ（40℃/24℃）♡シャリの温度をグッとあげて握られた大トロ。この時期でこの味わいは素晴らしい！シャリも酸味が立って、この鮪の濃い旨味と好相性。大トロ（40℃/24℃）♡魚体を変えて、青森県産の100キロオーバーの定置のもの。蛇腹の濃厚な脂が温度の高いシャリと素晴らしくよく合い、拘ってらっしゃる温度の妙がここで確りと確認できます。小肌（37℃/20℃）♡上におぼろをかけて、化粧した小肌。酸を感じさせないジューシーな小肌の旨味の後から来るおぼろの甘味が実に素晴らしい。鮑（36℃/20℃）♡薄く横に切りつけたものを5枚重ねてミルフィーユ状にして握って、上からはこの鮑の煮つめをたっぷりと塗って供されます。鮪を除けば、この種こそが今夜のコースの華。鮑の香りと旨味がギュッと凝縮しており、口の中で一気に広がります。美味しい♡金目鯛（38℃/23℃）下田産。炙ったりして脂を際立たせたものが多い中で、かなり大人しめ。塩で供されるので、甘味が際立ちます。雲丹（36℃/19℃）♡山口県下関産の赤雲丹。一粒一粒が大きいものを一貫にたっぷりと盛られます。一滴の水分すらも感じられないような極々濃厚な旨味。食べ終えても、鼻から抜ける海胆の香りで酔いしれます。椀物今日使った鮃・鱸・キンキを80度くらいで沸騰させずに焚いたものと鰹出汁を合わせた椀物。難波親方の綺麗な出汁を取るというコンセプトで作っているらしい。力強くもあり、美しい出汁。鮨店のレベルを超えています。穴子（40℃/45℃）舌に絡みつくような穴子で、煮つめも濃厚で美味しい。非常に好みの味わいです。玉上から海老の頭などをカリカリに焼いたものをかけた珍しい仕立て。カリカリとトロンとしたコントラストが楽しい。鮟肝巻き(追加)どっかのSNSで見た鮟肝を使った巻物。難波親方に聞いてみたら、「ウチじゃないかも？」と言いつつも作って下さいました。鮟肝ペーストを胡瓜と巻き、上からお遊びでサマートリュフをたっぷりとかけて。鮟肝の甘味とシャキシャキとした胡瓜、華やぐサマートリュフの香りで悶絶。まず思ったのは、阿佐ヶ谷とは全く次元の違うお店となっていたこと。シャリの温度の明確な記述の斬新さ、そしてここまでとは想像していなかった鮪への拘り。価格帯の違う阿佐ヶ谷では出来なかったことを今叶えてらっしゃり、魚を扱う難波親方もどことなく嬉しそう。阿佐ヶ谷の怪人から日比谷の怪人へとクラスアップした難波親方、まだまだその進化は止まりそうにありません。38000
58,00000003,鮨 なんば 日比谷,4.72,東京都内,"￥20,000～￥29,999",-,140,嘉門タツオの「愛めし」第34回「 阿佐ヶ谷から日比谷へ    鮨なんば」    難波さんと知り合ってまだ僅か4年程だが、これほど急激に上昇展開している職人さんを知らない。   現在はお弟子さんに任せている阿佐ヶ谷の店に初めて伺ったのは2015年の秋だった。2回転目の21時からだと、食べ終われば最終電車ギリギリの小旅行気分だった。鰹に玉ねぎを合わせたり、穴子はカリカリ香ばしいアテとしっとり艶のある握りが出て、それぞれに的確に合わせる純米酒がグイグイ進んだ。しかもお勘定を聞いてビックリ。数ヶ月先の席を確保して中央線のシートに身を任せ帰途に着いた。   何度か通う中で2018年にオープンするミッドタウン日比谷に入ると聞いた。何というジャンプアップ。社会人野球が大リーグに行く様なものだ。オープン直後に期待に胸を膨らませて初訪問した。設えも装飾も風格がある。そして寿司ネタとシャリの温度を品書きに記すという前代未聞の打ち出しをされていた。かねてから全ての食は温度によって良し悪しが決まるとは思っていた。長年温めて来た理想を満を持して実現された力強いメッセージが記されている。「鮨なんばは究極の一貫を目指します。舎利の硬さ、粘度、甘み、塩気、コク。種の切り付け、大きさ、厚み。気を付ける事は数多くあります。その中でも温度が最も大事だと思っております。最良の種と舎利。この二つが寄り添って、なんばの一貫の鮨です。」アオリイカは種が20度、舎利は36度。赤貝は種が15度、舎利は36度。車海老は共に上がって38度。中トロは種が24度、舎利は40度。この日は15通りの組み合わせが書かれていた。現在までの歩みをたずねると、高校時代はバイクが好きなヤンキーな日々で、20歳でたまたま寿司屋にバイトで入る。当初は寿司屋を目指していなかったが、23歳の時にこれでやって行こうと決断してあちこちの店を転々とする。32歳の時に荻窪で独立して5年。阿佐ヶ谷に移転して７年。そして44歳で日比谷進出となった。過去と現在とでは心意気も仕事も全く違うとおっしゃる。無口だが優しく不敵な笑顔の底には、ヤンキー時代に培った反骨精神が見え隠れする。同時代を生きるのが嬉しいと思わせてくれる職人さんだ。
59,00000003,鮨 なんば 日比谷,4.72,東京都内,"￥20,000～￥29,999",-,140,最近、周りの評判がさらに良くなっているなんばさんへ。。。変わらず、ゆるりとした雰囲気の難波さんですが、その握りやつまみは、ちょっと驚くほど進化していました！素晴らしかったです（＾-＾）●佐島の煮蛸●牡丹海老　殻とみそ●キンキの煮付け●余市のあん肝　　　　　　周りを削っていて、雑味が全くなく、クリアーな味わい。ん、美味しい♪さらに、削ったあん肝と野菜のペーストのカナッペも。●鰯の海苔巻き●煮鮑●対馬ののどぐろ網。ここから握りです。。。●障泥烏賊アオリイカ。●真鯒煎り酒をひとはけ。爽やかな酸味がとても良い♪●真鯛●鯵●車海老●春子●鰹●新潟佐渡鮪。●新潟佐渡蛇腹。●小肌少し強めに締めていますが、おぼろの甘味でちょうど良く。●鮑生ハムみたいな薄さでいただく、鮑の握りがとても面白い。鮑のツメ。●金目鯛●雲丹海苔なし。●お椀今日の魚の骨のお出汁と、、真鯛、こち、キンキのお出汁を合わせて。●穴子●玉キャラメリゼした上に、海老の殻が香ばしい。●鮪の太巻き追加で♪
